,s0,s1,s2,s3,s4,s5,s6,s7,s8,s9,s10,s11,s12,s13,s14,s15,s16,s17,s18,s19,s20,s21,s22,s23,s24,s25,s26,s27,s28,s29,s30,s31,s32,s33,s34,s35,s36,s37,s38,s39,s40,s41,s42,s43,s44,s45,s46,s47,s48,s49,self
a0,30,2,3,44,28,47,0,11,36,17,13,4,49,39,41,50,38,9,10,15,35,6,22,40,33,12,27,8,20,48,45,16,43,46,26,14,23,18,21,37,31,19,32,25,5,29,42,24,1,34,-10
a1,18,22,47,11,31,41,3,30,23,42,48,21,6,15,29,36,2,17,8,45,5,40,50,43,4,14,49,16,7,46,12,33,19,0,26,9,37,25,13,24,27,44,35,28,34,20,1,39,32,10,-10
a2,24,28,27,0,9,33,44,23,45,36,29,22,5,35,14,40,16,10,8,37,25,20,43,15,26,21,42,34,49,19,12,39,13,18,7,47,38,32,4,6,31,50,2,1,17,46,30,3,41,11,-10
a3,5,2,32,20,12,29,45,43,22,35,48,3,25,8,0,47,46,40,41,39,16,19,37,7,15,34,4,14,26,17,23,9,44,1,27,30,36,38,42,28,10,49,11,50,24,18,21,6,33,31,-10
a4,41,14,24,36,47,7,23,46,13,45,3,43,18,37,40,34,4,6,35,12,32,10,17,42,8,9,29,50,44,16,31,2,33,5,1,39,30,0,48,15,22,25,38,28,11,19,20,21,27,26,-10
a5,36,15,13,2,46,21,28,43,38,12,35,5,30,44,50,4,32,1,45,39,0,22,48,7,18,8,16,33,29,47,23,6,37,9,27,11,31,49,17,42,40,19,20,3,34,41,24,25,14,10,-10
a6,22,20,24,39,8,2,18,23,32,30,38,43,16,46,33,47,9,15,6,35,12,40,21,26,50,27,1,4,34,42,36,17,3,13,37,19,14,10,25,7,45,31,44,0,28,41,48,5,11,29,-10
a7,25,43,17,49,33,29,13,23,46,28,18,19,32,12,39,9,47,37,7,8,45,26,10,6,4,30,1,41,21,16,14,48,36,42,50,22,34,24,20,11,3,31,27,38,0,15,35,5,44,2,-10
a8,33,20,29,47,37,16,35,48,6,1,26,14,3,0,12,43,10,11,39,36,31,32,25,7,2,19,46,24,42,9,45,21,8,4,15,50,17,49,34,22,27,5,44,23,38,30,41,40,28,13,-10
a9,38,17,11,5,33,16,1,39,42,23,40,45,0,7,4,35,15,31,27,26,46,37,21,18,29,24,49,13,19,36,32,12,3,44,50,9,43,48,6,8,20,14,10,22,25,34,30,47,2,41,-10
a10,13,22,2,11,25,50,9,30,49,1,28,15,10,37,6,47,7,32,34,29,14,5,43,39,8,20,26,31,27,18,42,21,41,40,38,33,12,45,44,0,48,17,23,4,35,46,36,19,3,16,-10
a11,13,1,43,4,40,47,37,49,23,41,20,24,25,14,33,7,28,8,6,38,22,42,46,29,35,0,15,39,44,48,26,31,36,11,3,12,30,5,21,17,9,18,50,2,19,34,10,16,27,32,-10
a12,46,3,21,47,42,19,15,1,32,44,28,7,2,35,49,9,23,48,45,10,25,40,16,22,31,27,8,26,5,39,0,41,24,13,29,43,4,30,37,38,11,34,20,50,12,17,18,14,33,36,-10
a13,13,21,19,20,7,34,35,15,44,16,42,48,10,2,32,14,26,5,40,23,31,9,37,18,24,43,4,12,8,33,28,30,39,41,1,46,45,0,36,50,27,11,17,49,22,25,38,29,6,3,-10
a14,17,31,33,41,8,20,46,39,25,29,1,27,16,30,7,36,10,40,9,48,50,32,44,22,21,45,24,14,3,6,37,15,47,2,43,42,19,0,5,12,11,38,4,26,28,13,49,18,35,34,-10
a15,18,17,25,11,43,40,34,16,33,21,49,32,48,1,13,12,10,3,38,4,31,19,36,29,26,6,27,15,7,14,44,28,22,20,0,30,2,35,50,45,9,42,5,24,39,41,47,23,46,37,-10
a16,12,13,7,35,0,32,47,41,45,40,42,6,11,34,20,43,19,29,25,39,5,8,49,30,2,15,3,24,44,50,36,38,21,23,26,14,1,10,46,48,18,16,4,27,22,9,37,28,31,17,-10
a17,8,23,19,6,24,25,3,13,29,49,43,40,37,14,45,20,17,35,39,18,28,22,34,15,5,48,0,27,11,47,1,31,44,32,30,2,4,26,33,12,42,16,7,38,9,10,46,36,50,41,-10
a18,1,33,34,42,11,23,43,31,5,17,28,45,21,15,24,40,35,2,18,20,3,50,49,6,7,8,46,30,26,13,16,12,25,44,37,38,9,14,27,4,10,41,47,22,36,48,39,32,19,0,-10
a19,19,34,9,42,16,8,43,26,28,3,2,48,32,46,25,13,29,50,27,11,24,35,22,1,37,47,17,38,12,6,14,4,45,18,31,30,21,10,15,7,36,5,20,0,40,33,49,41,44,39,-10
a20,46,15,11,31,22,1,37,9,12,25,35,21,34,5,6,42,23,39,19,0,24,49,16,13,20,38,41,28,2,45,29,26,43,8,36,4,10,33,30,32,17,14,3,50,18,48,47,27,40,7,-10
a21,47,15,23,50,35,36,22,21,11,25,33,10,39,41,17,14,0,9,43,24,19,38,20,37,29,34,28,7,12,44,13,1,16,32,18,40,6,5,27,42,46,3,48,31,4,26,8,30,45,2,-10
a22,1,35,34,45,8,19,27,23,14,48,5,24,32,21,15,20,30,31,3,44,50,22,49,29,13,38,43,6,46,33,26,28,10,37,25,40,2,9,36,16,0,18,39,41,42,12,4,7,47,17,-10
a23,37,45,42,5,17,6,21,32,20,2,3,22,41,50,40,12,49,15,38,18,4,36,23,48,35,46,28,11,31,24,9,33,43,1,29,16,10,14,47,39,13,34,19,8,7,26,0,30,44,27,-10
a24,22,10,13,15,44,1,8,48,3,31,2,43,21,30,4,42,23,29,18,45,41,49,5,16,46,34,26,14,35,39,7,50,36,28,6,38,27,0,40,32,12,24,9,17,11,33,37,47,25,20,-10
a25,37,6,0,45,41,34,3,43,35,12,32,23,15,4,38,28,17,5,19,50,39,8,9,48,31,16,36,21,44,33,25,27,42,11,24,18,1,49,47,30,29,7,46,22,13,26,14,10,40,2,-10
a26,34,5,22,47,9,19,15,16,11,4,48,0,2,36,49,21,38,30,27,37,12,8,10,33,1,18,31,26,14,13,28,41,45,3,50,40,20,35,6,43,23,17,24,39,7,42,44,32,29,46,-10
a27,34,41,31,1,18,38,29,21,35,42,19,0,5,30,20,24,48,2,40,15,28,25,3,23,50,26,8,13,4,47,37,17,39,16,6,36,10,49,12,9,32,33,14,11,7,43,44,27,22,45,-10
a28,48,42,11,16,27,39,13,19,7,29,0,12,17,35,37,43,38,33,34,28,31,1,24,8,49,46,30,10,15,23,47,21,50,3,20,45,44,9,25,2,4,14,32,36,18,40,22,6,5,26,-10
a29,50,6,31,45,5,48,25,3,4,43,33,24,16,10,11,32,21,46,30,49,22,9,2,36,1,18,27,12,0,39,44,7,34,29,19,8,47,41,35,26,23,13,28,15,17,40,14,42,38,37,-10
a30,33,48,34,49,2,23,7,30,24,1,14,41,32,16,0,47,19,9,3,31,5,44,21,29,18,17,27,39,20,28,45,36,42,26,38,50,12,46,22,11,4,8,43,10,40,35,25,6,15,13,-10
a31,46,35,38,16,13,17,39,11,5,25,1,15,36,22,9,18,27,2,34,50,43,4,48,42,6,24,49,47,30,33,3,31,40,12,26,23,45,37,41,8,20,32,29,19,14,0,44,7,28,10,-10
a32,39,48,0,21,14,4,23,36,47,20,45,34,16,15,5,40,10,18,6,8,32,30,33,7,38,24,3,22,42,12,9,50,1,26,46,35,37,17,43,27,41,49,13,25,28,44,2,19,31,29,-10
a33,39,14,20,38,48,41,26,7,46,11,32,27,25,9,40,36,3,44,34,42,10,5,13,1,24,4,43,21,33,6,17,45,8,15,18,22,47,30,12,2,35,0,29,37,50,49,28,23,31,19,-10
a34,16,48,21,39,3,5,46,33,2,29,31,50,9,23,0,26,6,8,15,12,22,45,14,40,10,18,25,44,11,32,49,20,43,7,42,47,41,24,35,36,28,17,37,27,38,19,30,13,34,4,-10
a35,28,18,41,38,21,37,44,2,43,42,17,26,1,23,31,19,29,5,50,13,47,32,10,20,11,3,45,49,14,6,34,27,39,15,35,8,9,22,48,36,16,46,24,25,0,40,30,12,7,4,-10
a36,15,40,34,31,0,29,21,8,35,11,33,48,4,47,32,43,37,3,50,36,16,9,49,44,41,2,6,27,19,1,10,30,45,23,12,42,25,18,46,24,20,39,17,5,7,38,26,22,13,14,-10
a37,27,5,33,41,46,4,32,21,31,15,42,23,28,24,6,44,29,16,0,39,1,30,45,50,13,25,37,22,43,47,10,12,34,48,14,11,20,38,18,26,3,36,49,9,17,2,40,19,35,8,-10
a38,46,8,37,33,17,2,25,9,22,48,32,24,41,27,44,26,50,16,11,7,23,38,20,35,0,6,31,14,34,42,5,12,15,19,40,29,1,13,45,10,4,30,36,3,18,28,39,47,43,21,-10
a39,5,35,43,0,36,17,49,13,10,33,6,42,50,8,9,38,32,34,26,44,48,45,47,22,25,4,30,40,12,2,14,29,20,1,11,23,16,21,24,19,31,46,39,3,41,28,37,15,18,27,-10
a40,24,31,22,23,47,27,28,10,35,38,45,17,44,0,3,25,13,42,34,15,12,43,46,11,49,30,1,9,26,14,50,2,36,5,21,32,20,29,41,33,16,19,4,8,40,7,6,18,39,37,-10
a41,32,28,34,33,50,0,48,31,29,27,22,5,39,41,12,7,14,45,17,23,6,8,20,24,11,26,35,16,3,49,46,21,18,15,42,19,1,47,37,4,13,9,10,43,2,38,25,36,40,30,-10
a42,20,46,5,34,31,32,25,37,12,45,41,44,29,19,17,36,38,33,49,48,0,8,14,39,16,21,30,43,24,7,4,50,3,22,6,11,1,42,26,13,40,15,10,9,35,47,2,18,23,27,-10
a43,37,8,17,20,12,49,6,23,11,39,15,47,29,4,24,3,32,42,13,44,35,33,28,25,26,0,38,30,27,18,45,14,10,19,31,1,5,2,22,7,40,50,41,43,48,46,34,16,36,9,-10
a44,19,23,7,28,11,45,12,4,26,40,33,30,15,34,37,50,0,27,5,32,10,17,36,39,25,9,31,47,22,8,6,49,1,29,21,41,43,18,16,2,3,46,24,20,14,42,48,44,13,38,-10
a45,28,10,48,41,27,39,23,22,0,1,4,29,25,12,34,6,40,8,47,43,11,20,3,18,32,31,2,44,35,36,17,5,15,37,9,16,42,24,49,13,7,45,19,50,30,14,46,21,26,33,-10
a46,27,32,33,3,26,13,42,9,5,22,24,10,47,35,4,39,17,45,2,41,0,44,7,30,43,18,31,34,8,25,50,36,37,28,16,46,12,15,1,49,14,11,6,38,40,29,19,23,48,20,-10
a47,15,12,4,11,23,43,35,13,18,42,39,47,9,48,1,21,37,16,2,26,32,25,41,50,29,0,27,7,49,14,34,10,30,45,36,19,31,20,40,24,8,33,38,17,44,22,6,3,28,5,-10
a48,7,34,36,37,9,42,1,29,14,45,11,43,48,23,39,4,35,41,28,13,38,24,25,5,22,26,12,47,19,50,32,20,15,21,17,3,18,16,8,49,2,30,46,33,0,31,10,6,40,27,-10
a49,14,17,28,36,22,31,0,21,6,9,26,30,39,2,20,19,47,45,24,50,33,1,41,48,46,12,34,4,7,8,3,13,37,29,42,16,38,15,40,11,5,23,44,43,35,49,25,27,18,32,-10
a50,45,37,46,29,48,22,1,14,50,6,42,13,20,11,44,39,4,28,5,2,8,32,0,9,19,38,33,12,23,16,40,31,34,41,43,24,36,30,18,21,17,27,25,35,47,7,3,15,10,49,-10
a51,4,36,35,17,34,40,44,19,39,7,32,37,3,14,27,45,47,29,10,2,24,5,26,0,49,30,13,41,15,25,20,23,12,8,6,11,46,16,9,21,31,22,43,50,38,42,33,18,48,1,-10
a52,39,31,34,46,9,2,13,27,18,8,19,20,29,21,43,15,6,30,26,1,7,44,16,23,10,33,3,32,17,0,45,28,14,5,42,47,22,11,38,41,35,36,12,25,49,50,40,48,4,37,-10
a53,15,47,25,10,46,24,41,13,1,19,36,40,4,5,7,2,0,16,45,44,30,26,49,3,11,28,34,9,17,48,27,8,21,42,29,38,14,12,50,22,43,6,35,33,23,32,31,18,37,39,-10
a54,20,47,18,31,13,37,19,0,34,36,5,29,12,2,7,41,21,35,49,44,42,15,22,30,33,43,26,38,25,48,1,27,17,40,24,4,16,28,32,23,6,3,39,11,14,45,46,50,10,8,-10
a55,48,5,0,13,40,37,38,33,20,6,29,27,25,21,45,15,41,43,36,44,12,18,32,22,50,34,11,35,30,3,39,24,42,46,1,28,49,23,26,16,17,19,9,8,10,2,4,14,31,7,-10
a56,39,14,33,16,10,46,35,28,7,15,32,48,24,22,4,1,19,40,49,21,45,11,3,43,12,23,50,5,42,30,13,9,18,2,27,38,36,25,20,41,6,26,17,37,31,44,29,34,0,8,-10
a57,2,35,24,46,19,48,0,3,37,8,31,21,5,45,30,32,16,18,43,13,6,20,22,14,33,39,29,41,40,47,44,1,4,17,23,28,25,7,10,12,15,49,36,27,26,42,9,38,11,50,-10
a58,48,30,42,18,4,17,2,13,14,44,34,15,1,12,35,26,28,20,11,46,45,49,9,21,33,50,22,7,37,36,32,8,24,29,41,31,39,16,3,6,38,10,0,23,40,19,5,25,47,27,-10
a59,21,32,39,19,17,26,18,37,45,0,3,5,47,4,46,35,12,50,33,6,9,1,42,13,41,8,40,29,10,22,49,16,7,38,2,24,48,25,14,43,31,28,30,34,36,15,27,23,44,11,-10
a60,27,18,38,39,35,16,31,3,33,24,48,26,30,45,19,43,46,50,36,7,0,20,34,8,1,25,22,12,10,11,41,40,28,23,2,5,6,13,17,4,9,47,42,44,29,21,32,37,14,49,-10
a61,13,33,7,32,50,19,23,34,24,17,48,10,12,6,35,46,29,30,8,15,20,0,37,22,43,3,44,49,14,26,2,9,47,5,16,11,41,4,39,25,21,40,1,28,42,45,38,31,36,18,-10
a62,47,39,28,26,15,31,19,14,41,45,30,21,2,18,3,23,43,37,8,34,11,46,36,48,7,38,13,6,33,17,27,40,42,24,9,1,16,4,22,10,12,29,32,35,25,50,20,5,49,44,-10
a63,24,49,30,9,20,37,28,6,46,38,18,43,14,17,40,12,32,36,39,29,1,41,11,15,2,21,48,22,7,19,0,8,16,5,23,13,27,31,42,26,35,47,4,50,25,33,45,3,34,10,-10
a64,31,2,29,3,28,38,27,37,33,24,19,22,50,14,25,10,43,5,32,41,15,49,8,26,20,11,9,46,16,23,47,36,0,17,4,13,1,39,34,45,48,21,35,12,44,6,40,7,42,30,-10
a65,10,35,40,41,13,46,25,0,36,27,22,43,31,3,34,48,19,23,6,30,28,26,2,14,9,39,11,4,15,47,32,49,7,5,8,44,42,24,21,38,29,17,1,50,33,37,12,16,45,18,-10
a66,5,31,11,46,32,30,22,41,35,39,23,40,42,27,50,49,48,29,8,26,47,15,44,43,21,34,36,9,33,2,20,14,13,24,38,28,25,10,37,0,17,45,4,3,1,16,7,6,18,19,-10
a67,22,32,47,5,38,14,33,41,0,8,7,27,48,11,25,37,31,1,45,24,21,4,39,28,13,19,34,20,43,44,30,12,9,6,49,26,17,15,10,2,46,36,16,40,35,23,29,50,3,18,-10
a68,19,36,16,21,8,23,27,26,18,22,2,7,25,44,9,50,45,40,48,0,33,14,43,38,39,11,20,28,6,37,41,35,10,15,46,42,24,29,31,49,4,5,47,34,13,12,3,32,1,30,-10
a69,22,2,17,5,32,43,49,20,45,26,23,13,25,0,48,11,10,12,4,28,50,21,39,34,8,1,6,19,16,41,35,40,24,44,33,15,27,14,9,36,47,38,46,42,29,37,18,30,3,31,-10
a70,36,20,25,26,21,49,33,37,34,10,30,16,41,28,7,5,46,11,19,17,42,24,27,50,45,3,43,9,32,35,2,1,23,14,31,15,44,40,4,13,0,38,6,48,8,12,22,18,29,39,-10
a71,32,24,46,5,29,14,4,39,17,9,19,47,36,12,43,20,6,15,10,0,2,28,3,34,49,30,37,50,41,27,18,21,35,1,7,8,48,25,45,16,26,44,23,31,11,42,40,13,38,33,-10
a72,29,35,34,11,40,26,4,16,6,5,12,21,2,1,31,22,24,0,7,17,41,43,28,38,27,25,9,32,39,10,13,14,33,19,23,47,44,46,20,15,42,8,37,36,30,50,45,18,49,48,-10
a73,15,9,6,50,22,2,35,3,28,5,17,32,20,8,48,16,43,45,11,12,34,1,13,10,46,0,26,36,24,21,38,30,44,19,41,42,4,31,49,40,23,29,14,39,18,33,27,37,25,47,-10
a74,26,24,5,16,14,33,35,11,23,13,40,6,8,32,30,28,43,20,7,48,3,10,25,50,38,44,9,46,29,18,41,34,21,49,37,15,22,12,31,4,42,17,45,2,39,19,47,0,1,36,-10
a75,8,4,30,20,2,39,45,24,16,42,35,23,25,37,1,5,38,18,36,33,26,6,9,17,15,44,12,10,40,0,41,28,11,29,7,47,34,46,27,3,31,32,50,43,19,13,48,49,22,21,-10
a76,24,14,23,44,0,4,28,41,21,47,40,18,35,19,31,11,49,30,5,29,13,9,7,39,8,48,12,16,32,50,43,15,42,20,46,26,33,22,1,27,10,17,34,38,45,25,6,36,3,2,-10
a77,41,7,12,8,21,37,36,23,35,17,6,40,18,3,10,31,15,2,0,28,4,38,48,25,30,42,32,33,24,22,1,14,46,34,43,44,26,16,49,45,9,50,39,5,29,11,13,20,19,27,-10
a78,38,16,22,2,49,9,4,42,35,29,37,31,19,15,48,0,30,25,3,18,17,50,24,41,32,40,23,20,27,8,43,26,47,1,36,39,45,21,6,33,34,11,13,46,5,10,12,28,7,14,-10
a79,32,45,35,40,34,27,7,2,19,16,38,42,14,22,39,0,36,29,5,4,1,44,24,20,26,33,43,3,10,37,46,23,9,25,31,11,47,18,6,30,17,28,49,50,8,48,13,15,12,21,-10
a80,16,37,13,17,5,26,25,4,32,49,41,19,30,44,21,3,40,10,1,46,18,8,42,36,28,0,45,22,2,50,12,29,14,15,34,9,11,47,43,23,7,20,48,6,39,35,24,27,38,31,-10
a81,24,40,32,21,33,50,11,12,36,2,44,26,25,16,27,18,23,10,19,14,38,47,48,49,0,39,6,31,28,42,4,45,43,29,20,35,9,8,30,15,46,3,7,13,41,34,5,1,22,37,-10
a82,8,28,32,9,30,34,22,46,48,11,21,41,25,24,36,37,5,26,42,15,31,40,45,4,10,16,35,12,1,33,43,13,38,0,2,3,20,19,7,44,17,23,50,14,39,27,29,49,6,47,-10
a83,31,46,0,40,45,35,43,33,15,37,41,21,12,36,34,11,7,48,22,44,27,17,3,5,20,47,30,29,10,13,32,19,25,50,18,8,6,14,2,28,38,49,26,23,4,1,9,39,24,16,-10
a84,2,3,19,28,39,9,27,15,16,11,12,0,45,43,35,30,6,48,14,42,32,44,8,23,38,20,4,50,5,21,25,36,31,10,49,18,24,1,17,37,46,33,22,7,13,26,29,40,34,47,-10
a85,29,39,9,26,44,33,48,36,24,21,5,45,15,28,13,11,12,10,34,8,38,0,18,35,22,50,7,37,47,42,14,2,1,30,46,32,6,27,41,49,25,3,23,16,20,17,19,31,40,43,-10
a86,30,32,21,18,4,12,19,28,37,38,9,27,16,6,15,22,47,40,13,17,1,46,20,33,25,48,0,36,2,34,23,44,24,41,14,8,35,7,11,5,49,10,39,45,26,43,3,50,42,31,-10
a87,14,23,13,6,7,11,27,48,5,4,44,34,39,37,22,16,40,35,8,2,25,43,12,26,31,21,38,42,49,47,19,36,0,10,28,50,1,18,45,15,29,17,33,30,9,41,46,24,20,3,-10
a88,16,11,45,33,48,23,27,10,15,34,3,30,50,37,7,46,12,13,47,42,38,19,1,20,40,49,32,25,28,17,39,26,24,22,29,2,5,14,9,41,18,44,36,43,4,21,6,8,31,35,-10
a89,24,26,37,30,9,16,40,11,48,3,12,0,35,25,45,33,31,5,23,42,17,15,28,46,19,47,13,43,4,38,1,27,2,34,14,36,50,8,29,18,21,49,39,20,22,6,7,32,44,41,-10
a90,11,33,32,9,14,40,22,46,23,1,5,27,3,19,2,31,20,10,39,24,49,41,30,18,17,15,8,43,34,4,50,12,21,7,29,13,35,37,42,45,47,48,44,6,25,36,16,26,0,38,-10
a91,8,17,30,19,41,14,4,39,22,13,34,12,31,5,45,11,35,24,32,49,1,25,28,46,48,0,18,7,29,43,26,40,23,36,42,20,33,50,15,37,10,3,38,16,6,9,47,21,27,2,-10
a92,13,26,35,5,8,47,43,34,40,41,17,25,45,42,20,30,22,1,16,50,11,38,23,49,24,15,3,2,29,32,31,0,21,10,6,14,28,12,19,48,9,46,44,33,7,27,39,18,37,4,-10
a93,2,3,33,30,37,40,12,32,45,49,42,27,24,29,18,13,23,39,15,36,35,22,38,48,0,46,28,9,8,47,31,19,17,4,6,50,26,25,21,43,1,14,7,11,5,20,34,16,10,41,-10
a94,20,25,28,36,32,11,2,47,45,31,40,48,46,1,35,23,13,8,50,24,22,21,5,14,49,16,34,7,30,19,9,38,10,27,44,18,39,33,43,12,6,0,42,15,4,26,17,3,29,41,-10
a95,18,40,34,10,11,45,36,31,46,21,35,42,24,0,3,9,16,19,26,8,6,39,20,33,27,30,47,38,5,37,48,13,29,4,28,23,15,41,32,2,25,12,43,49,44,22,50,7,14,1,-10
a96,20,2,34,33,7,42,30,43,48,17,22,0,40,9,27,47,25,16,24,10,11,39,45,3,18,38,4,49,44,23,41,21,50,28,32,37,19,46,5,15,13,12,1,14,8,35,26,29,6,36,-10
a97,4,0,8,12,34,9,16,38,15,35,36,1,10,28,24,45,30,26,42,37,17,44,3,29,32,39,41,50,43,11,47,31,25,7,5,18,20,19,40,27,48,14,46,13,23,21,49,2,22,6,-10
a98,37,31,7,13,40,24,33,30,48,36,25,0,12,15,22,42,35,20,10,1,50,45,2,4,26,43,27,18,39,49,6,21,34,8,32,16,44,11,29,47,23,46,19,38,14,41,3,28,17,9,-10
a99,20,15,29,32,33,27,31,38,45,46,34,40,24,19,12,21,13,50,25,16,49,39,44,17,1,18,9,26,14,35,23,43,5,22,10,6,41,28,42,2,4,3,36,47,48,37,11,0,7,30,-10
a100,0,48,43,39,1,8,28,3,11,30,2,10,34,38,21,42,13,4,24,12,46,5,7,25,18,45,49,27,32,40,6,14,36,31,9,15,20,41,22,47,44,29,37,26,17,16,33,23,35,19,-10
a101,7,24,15,9,13,46,21,28,22,20,17,0,33,8,11,47,42,12,49,26,30,29,35,10,44,36,2,4,48,39,41,19,38,31,18,25,14,5,40,43,37,3,32,45,34,23,50,1,27,6,-10
a102,21,3,41,42,45,26,43,48,15,7,29,49,37,2,32,1,8,14,34,18,50,17,36,38,31,19,40,4,24,23,46,5,27,11,28,30,0,9,25,33,20,39,44,10,13,35,6,12,47,22,-10
a103,12,22,20,21,40,26,0,23,5,24,27,28,46,48,18,19,2,30,13,32,34,9,41,11,45,4,49,25,37,6,39,36,33,15,47,7,38,35,16,3,10,42,17,29,43,1,8,14,44,31,-10
a104,47,8,33,35,7,2,0,3,40,39,4,5,9,15,41,45,13,20,17,25,42,44,23,43,29,50,24,19,28,34,49,10,46,11,38,18,22,30,27,6,37,31,14,21,36,26,12,16,48,1,-10
a105,31,16,17,46,15,41,5,44,25,42,29,38,3,26,47,40,12,34,36,32,22,30,6,43,35,45,37,11,28,48,20,13,8,33,1,23,2,21,14,9,27,0,7,19,24,18,39,10,4,50,-10
a106,39,5,27,31,20,41,25,14,38,50,24,28,3,4,18,6,32,34,44,15,11,23,2,49,22,10,48,17,42,30,26,36,13,46,9,16,0,1,29,19,45,47,40,37,12,21,8,33,35,7,-10
a107,6,17,13,11,33,49,42,35,5,12,37,38,39,2,47,16,4,43,0,32,21,15,19,46,23,10,9,30,24,45,40,28,41,50,44,48,20,29,8,22,18,7,1,36,31,3,14,25,27,34,-10
a108,7,25,5,36,50,47,39,28,46,38,17,30,16,21,37,24,29,2,13,10,1,19,11,18,48,27,0,26,15,32,42,8,3,6,44,14,41,40,20,43,34,9,33,45,23,12,22,49,4,31,-10
a109,28,15,7,6,45,42,16,26,11,10,21,33,2,43,12,50,41,17,27,5,38,13,23,35,40,19,32,31,9,47,39,1,25,46,0,44,20,14,8,34,49,18,36,22,30,24,3,29,4,48,-10
a110,27,2,13,30,44,31,17,34,19,18,29,26,4,16,43,40,41,45,23,35,20,42,33,28,1,9,0,38,21,46,39,25,15,24,50,49,11,22,8,47,12,6,14,32,48,36,10,5,7,37,-10
a111,37,18,43,40,42,49,34,33,11,26,36,25,2,46,47,31,45,16,9,38,24,1,13,4,14,39,27,17,30,22,48,6,19,21,32,15,20,44,5,3,0,41,29,7,50,35,23,28,10,12,-10
a112,49,16,8,2,45,0,17,3,24,14,42,20,5,35,33,19,11,47,6,36,30,28,22,12,31,9,26,46,34,18,38,37,39,4,32,23,48,29,1,15,43,41,25,27,13,10,21,50,7,44,-10
a113,5,41,3,12,48,17,27,31,26,34,39,44,2,20,7,49,8,36,9,43,23,38,19,25,35,10,45,1,29,4,11,15,13,14,6,50,21,18,0,30,28,47,46,42,33,16,24,37,22,40,-10
a114,32,48,6,17,43,26,3,37,30,23,49,2,22,31,19,41,18,38,47,25,36,33,24,14,8,0,13,45,42,12,50,1,35,10,16,20,39,21,34,9,27,46,28,4,15,5,11,7,44,40,-10
a115,9,8,20,45,44,22,33,6,11,5,28,49,30,16,34,39,10,46,47,35,40,26,24,41,18,25,48,31,3,7,38,1,37,32,50,4,0,36,27,23,21,29,12,2,43,14,17,15,42,13,-10
a116,41,31,22,11,49,28,43,10,2,25,5,27,9,21,46,35,34,23,45,50,36,37,12,3,15,14,1,33,4,38,40,17,26,13,44,48,7,47,0,29,39,19,8,6,42,32,24,16,18,30,-10
a117,34,40,43,32,11,30,35,5,12,45,15,48,47,2,23,0,4,31,29,18,7,20,36,9,16,28,24,26,6,21,42,14,1,33,46,22,17,25,41,49,44,13,3,8,37,38,27,39,19,10,-10
a118,3,7,44,21,28,26,16,0,38,27,12,37,15,5,40,42,9,41,4,11,35,30,10,14,13,34,43,22,29,23,2,25,20,48,45,6,8,32,31,46,18,33,39,36,1,17,24,50,49,19,-10
a119,49,28,32,6,25,35,34,38,19,4,11,3,31,10,33,46,37,16,45,14,29,21,27,50,43,23,2,47,24,5,22,48,41,9,42,30,1,36,39,17,0,26,20,15,12,7,13,18,40,8,-10
a120,45,35,33,50,3,10,23,30,21,22,14,12,34,28,24,26,2,27,36,13,42,41,17,49,44,4,48,7,43,37,16,0,46,40,15,47,5,18,11,31,39,1,32,29,25,9,6,38,20,19,-10
a121,5,18,37,50,6,7,11,36,47,27,20,35,17,45,12,23,14,48,33,4,34,25,31,40,43,30,1,49,42,2,15,41,39,21,19,10,0,44,28,16,9,46,32,8,3,38,29,24,13,22,-10
a122,31,24,49,23,14,40,50,48,45,25,5,33,39,3,35,11,38,7,9,1,36,43,4,30,18,21,12,10,19,42,13,20,47,16,41,26,0,46,27,29,22,32,6,17,37,2,28,8,44,34,-10
a123,30,28,10,19,16,31,18,47,34,0,1,49,46,20,43,12,45,36,42,22,13,3,35,14,24,39,6,40,9,44,37,8,7,25,4,29,33,26,48,2,38,5,17,50,41,27,32,15,21,23,-10
a124,1,38,6,4,7,39,33,18,43,29,10,14,45,3,12,35,37,41,27,13,50,16,40,47,23,21,19,49,46,9,34,48,8,11,30,31,42,15,32,17,22,25,36,26,5,24,2,0,28,20,-10
a125,2,11,17,33,20,8,12,27,47,3,41,31,35,48,0,24,49,34,14,28,32,6,26,21,23,50,9,30,25,36,22,29,45,46,15,16,5,44,43,19,37,7,38,42,4,39,13,18,10,1,-10
a126,19,47,29,27,38,20,25,46,30,3,43,7,17,36,24,22,28,16,31,49,21,9,42,32,15,33,2,35,12,11,5,26,44,37,50,0,18,41,48,39,23,4,34,13,45,1,6,14,40,8,-10
a127,17,39,19,12,38,31,23,4,7,46,20,3,24,34,5,14,50,33,47,21,1,10,25,0,36,32,6,49,2,42,13,41,30,29,16,26,44,15,11,28,35,43,40,37,48,45,27,9,8,22,-10
a128,13,22,11,1,50,8,49,37,31,24,2,27,32,6,44,45,33,15,0,28,21,41,35,38,48,20,40,29,43,9,30,4,39,34,14,12,19,25,46,42,16,47,23,26,5,18,10,36,3,17,-10
a129,16,19,18,22,37,17,34,23,13,41,46,20,0,50,2,26,1,39,21,48,5,38,11,45,44,24,40,14,29,25,35,31,8,47,30,10,12,49,15,43,6,28,4,32,36,7,27,33,42,9,-10
a130,43,20,21,19,1,34,27,15,24,9,50,42,22,13,35,14,33,41,26,10,17,47,5,39,4,46,16,12,25,40,0,28,6,23,7,44,11,8,49,31,32,3,38,30,48,29,37,2,36,45,-10
a131,34,46,42,23,19,30,13,9,31,2,16,8,27,36,3,18,35,6,12,47,41,50,38,24,5,26,33,49,48,14,37,20,15,44,11,40,10,43,29,7,45,39,17,1,28,0,21,22,32,4,-10
a132,11,22,29,1,23,41,0,31,3,30,14,20,27,46,44,36,9,32,42,10,39,24,38,21,7,47,49,35,45,16,4,15,33,28,2,50,34,17,6,5,8,25,37,12,19,43,48,26,13,40,-10
a133,28,24,13,41,39,47,37,2,46,4,7,35,42,34,44,32,30,6,38,25,43,18,48,21,26,10,19,40,27,8,9,22,17,50,14,36,23,12,11,0,20,29,33,5,15,3,16,49,1,31,-10
a134,9,29,18,28,12,35,11,0,46,15,14,37,1,22,24,26,20,10,5,38,41,17,44,19,13,39,30,33,25,34,50,45,40,7,48,16,31,6,21,27,3,2,36,4,47,23,49,32,42,43,-10
a135,10,6,18,46,29,50,23,8,7,2,40,34,42,25,1,45,43,9,17,21,24,31,26,49,14,32,39,28,36,44,33,0,37,47,41,20,4,22,12,35,30,13,27,5,11,3,16,19,15,48,-10
a136,47,11,37,20,12,23,32,13,43,17,28,35,15,40,22,38,49,8,9,44,29,26,0,5,4,6,25,21,18,42,46,31,33,50,2,14,48,45,24,34,41,10,30,39,36,27,16,3,19,1,-10
a137,37,42,32,10,0,22,14,48,29,36,34,7,9,6,26,13,40,24,17,47,35,23,15,25,4,1,2,11,20,41,44,38,28,49,33,31,45,39,43,50,18,30,21,16,12,5,46,27,19,3,-10
a138,47,7,2,41,45,37,22,24,23,16,33,21,50,0,39,15,49,19,42,29,3,34,48,26,5,32,30,36,31,18,8,46,11,6,4,43,17,13,1,9,44,14,20,10,35,28,27,12,38,40,-10
a139,32,20,30,50,9,15,0,48,31,13,4,8,42,2,22,6,3,25,14,16,38,39,34,24,26,1,47,11,21,36,19,49,37,40,43,18,12,28,17,35,41,46,10,45,27,5,44,33,29,7,-10
a140,2,13,23,26,11,28,25,4,24,29,18,16,3,41,46,37,33,15,1,17,7,34,32,36,8,0,39,49,44,9,40,31,47,20,19,14,22,21,50,38,30,45,6,5,42,48,10,43,27,35,-10
a141,18,34,0,20,21,50,43,11,5,2,35,19,3,9,31,39,4,42,36,1,8,15,47,37,41,40,33,27,26,12,49,32,38,30,17,48,14,22,13,46,29,23,6,16,45,7,28,24,10,44,-10
a142,26,0,44,39,9,36,43,22,16,20,49,18,45,19,27,13,6,21,4,50,35,41,17,40,47,29,24,3,25,38,32,46,33,8,11,42,1,30,12,7,31,14,28,37,23,2,48,34,10,5,-10
a143,34,0,38,3,26,43,20,32,25,37,27,18,31,30,6,23,12,8,7,49,41,1,14,9,33,46,36,45,44,22,21,10,29,19,13,16,15,40,2,4,47,24,5,11,39,35,50,48,17,28,-10
a144,6,30,38,29,46,3,9,23,26,39,0,42,7,49,20,2,36,16,11,18,32,34,13,8,40,14,1,33,25,47,43,28,24,10,4,15,41,48,19,17,45,21,5,22,35,12,31,44,27,37,-10
a145,4,3,43,41,7,33,14,42,37,8,38,11,6,22,12,39,27,45,48,20,2,35,32,26,15,0,17,9,46,19,23,47,5,36,13,24,30,25,49,16,31,18,21,29,34,50,40,44,28,1,-10
a146,39,21,35,12,30,6,38,26,10,47,27,18,50,9,43,19,44,36,13,24,8,3,22,17,33,5,11,46,4,15,23,31,20,41,29,14,2,37,49,25,7,34,16,42,40,1,32,48,28,0,-10
a147,10,15,6,33,11,42,27,48,22,19,44,2,4,32,35,39,37,31,28,20,7,1,25,18,21,36,40,34,43,17,41,24,8,29,50,47,0,14,16,12,46,5,13,30,49,9,3,26,38,23,-10
a148,26,14,13,12,44,30,6,11,49,43,3,35,45,23,31,5,40,41,37,47,18,0,22,28,32,1,48,42,36,16,9,20,2,25,17,10,7,33,15,21,34,19,46,4,38,29,39,50,27,8,-10
a149,24,7,1,10,43,23,9,17,13,32,16,33,48,25,46,39,38,44,28,8,26,41,36,14,40,12,35,6,0,20,37,3,42,47,11,30,31,4,27,49,18,2,45,29,19,22,50,21,34,5,-10
a150,5,44,31,8,42,2,3,18,10,19,11,29,38,40,7,32,12,0,28,4,39,50,1,13,24,48,34,36,25,49,45,14,41,9,20,15,26,30,27,47,33,16,35,21,6,43,37,22,17,46,-10
a151,46,45,19,16,2,27,24,4,22,35,30,39,12,42,10,29,34,48,21,41,23,49,13,43,44,38,28,14,15,25,17,37,26,5,47,33,6,18,0,8,36,40,9,32,50,20,11,31,7,3,-10
a152,8,47,49,13,1,9,34,4,22,5,28,16,48,31,15,29,46,11,25,36,19,33,6,7,12,30,24,21,39,45,38,17,50,37,32,26,20,3,44,42,10,41,40,0,18,27,23,2,43,35,-10
a153,5,35,14,1,41,29,39,40,24,37,30,50,20,12,33,0,19,32,22,28,36,2,31,23,6,49,4,16,25,43,48,42,8,47,34,11,7,9,15,21,3,38,44,18,46,27,45,26,10,13,-10
a154,40,47,13,14,24,18,11,15,44,34,16,39,23,30,41,8,5,3,36,9,31,29,22,25,26,48,17,0,12,45,19,20,2,42,27,49,50,43,21,28,1,32,6,46,37,35,10,4,38,33,-10
a155,18,37,16,26,36,38,44,46,25,15,40,9,29,43,35,42,21,11,7,49,33,48,6,8,39,17,3,12,27,22,1,30,47,31,10,4,50,28,5,23,2,32,14,0,45,19,20,41,24,34,-10
a156,29,10,38,35,4,0,17,13,5,19,6,44,30,33,34,50,2,37,16,31,3,47,8,25,12,32,43,9,39,28,45,41,42,11,26,48,21,15,20,7,14,27,40,1,22,23,36,18,46,49,-10
a157,21,30,34,11,13,16,23,50,2,28,0,25,38,31,9,44,7,14,46,43,3,20,45,29,49,48,36,4,47,37,6,22,1,18,32,27,12,8,33,41,19,35,15,40,10,39,26,17,24,5,-10
a158,47,25,12,13,46,17,15,18,38,39,3,24,20,42,27,21,1,48,49,37,30,2,0,36,11,14,6,28,45,29,33,40,44,43,4,50,16,31,7,32,23,35,8,5,26,34,10,22,9,41,-10
a159,30,46,22,32,21,42,34,11,26,13,29,36,4,7,2,49,1,10,25,9,27,20,50,35,28,41,38,37,12,44,48,15,40,6,43,45,47,8,14,19,18,23,3,39,31,17,16,33,5,0,-10
a160,43,12,47,35,50,24,23,17,41,9,48,45,32,27,2,10,6,40,13,15,7,11,25,18,1,49,33,21,3,30,28,44,0,26,5,34,14,37,36,42,4,8,38,19,31,16,46,39,22,20,-10
a161,20,30,8,11,16,46,2,23,14,15,45,28,37,4,32,1,17,0,6,12,44,3,35,24,50,39,43,42,27,40,5,41,10,18,33,31,48,29,36,34,13,47,22,49,21,38,9,26,19,25,-10
a162,37,45,8,12,17,27,44,39,18,46,42,7,49,3,16,4,33,15,6,21,24,35,40,43,22,5,50,29,30,2,14,9,1,23,32,48,34,36,41,13,10,28,26,20,38,25,47,31,19,0,-10
a163,37,29,27,15,9,4,31,40,1,30,39,49,34,46,38,6,10,26,14,36,17,20,7,48,25,33,47,5,41,2,3,0,18,43,24,21,11,23,50,45,22,35,19,13,42,32,44,16,8,28,-10
a164,18,10,49,0,31,29,27,17,21,9,37,22,46,36,6,16,47,39,14,23,13,26,32,45,5,33,50,3,15,34,30,35,42,8,48,4,19,20,38,25,7,43,12,2,44,41,1,28,11,24,-10
a165,38,35,32,25,15,17,46,13,48,6,47,7,27,4,8,23,28,14,30,20,0,5,24,31,42,43,2,29,1,16,22,33,50,45,3,21,11,44,9,39,12,18,26,34,36,37,41,19,40,10,-10
a166,28,4,29,33,43,39,21,47,38,27,34,35,15,30,37,23,20,3,11,44,18,5,7,40,22,45,16,42,13,50,0,41,17,24,8,14,9,1,49,6,10,2,26,19,48,36,32,25,31,46,-10
a167,47,0,46,9,2,50,1,10,20,41,19,30,6,39,22,38,32,8,43,14,13,26,3,7,28,48,5,21,16,49,29,37,17,25,35,31,24,11,44,23,36,15,40,12,4,34,33,42,45,18,-10
a168,48,39,2,23,33,50,36,16,19,4,31,0,28,27,11,5,3,22,47,46,43,15,49,12,24,35,18,10,13,44,26,25,45,1,40,38,34,9,17,14,20,6,37,41,29,8,30,21,42,7,-10
a169,40,9,16,26,28,11,19,0,30,42,33,24,10,2,29,44,1,12,17,23,38,18,6,35,48,8,27,39,20,7,32,45,21,36,34,15,31,47,50,37,49,22,13,3,43,25,41,5,4,46,-10
a170,16,18,12,36,11,1,32,6,10,19,45,38,5,24,7,14,3,49,33,47,23,42,43,28,21,26,29,37,40,27,30,50,2,0,48,41,22,39,20,8,34,13,31,35,4,44,9,17,46,15,-10
a171,36,18,28,30,9,2,41,20,15,5,14,32,24,17,40,25,27,33,7,10,49,29,43,4,39,45,23,1,31,8,48,6,0,35,34,47,50,19,11,12,42,21,22,16,26,44,13,3,38,46,-10
a172,35,18,33,16,45,19,44,47,10,29,39,42,25,9,6,22,11,7,40,4,31,32,43,1,36,27,15,28,23,37,21,8,41,24,49,17,38,30,46,2,20,12,48,0,26,3,34,5,13,50,-10
a173,31,44,32,10,9,23,48,24,50,45,41,16,15,1,43,12,25,7,34,39,4,33,42,26,0,13,27,20,46,2,18,8,19,47,30,11,37,49,3,28,22,5,38,17,40,14,35,21,6,29,-10
a174,14,33,38,30,31,13,15,43,46,40,10,45,17,3,36,2,49,23,7,11,12,42,19,16,44,21,24,34,29,25,47,22,4,20,48,50,26,32,28,39,5,8,41,18,27,35,1,6,37,0,-10
a175,39,17,29,18,49,13,38,15,45,41,32,48,19,22,1,12,37,8,34,3,16,2,5,33,50,7,6,40,24,36,47,4,20,10,11,14,25,42,46,21,43,44,31,0,23,28,30,27,9,35,-10
a176,3,46,49,12,33,24,50,11,9,36,44,39,14,26,30,43,16,8,21,23,2,40,47,25,28,13,7,32,29,1,4,48,27,10,45,22,19,15,38,20,34,17,31,5,42,35,6,18,37,0,-10
a177,39,31,36,27,4,10,30,11,20,18,13,37,6,25,3,23,45,47,15,12,40,14,43,17,24,28,0,2,38,26,44,9,32,41,42,1,7,48,29,8,33,22,34,16,50,19,46,21,49,5,-10
a178,9,46,6,16,14,19,22,10,38,17,8,5,44,15,13,45,25,42,33,37,43,28,31,11,23,4,35,3,2,7,32,24,26,39,36,30,48,20,41,27,21,18,40,0,29,50,49,47,34,1,-10
a179,38,39,9,30,7,12,13,40,3,24,19,36,18,43,0,32,34,10,23,8,25,50,45,37,33,47,6,17,4,11,42,44,20,1,16,41,46,15,49,27,28,26,29,48,14,5,22,35,31,21,-10
a180,21,3,36,37,46,47,31,25,41,5,15,4,35,8,18,50,24,12,43,11,48,30,16,7,44,39,33,13,38,32,2,34,45,6,23,9,22,20,19,27,40,49,17,29,28,14,42,10,26,0,-10
a181,1,36,10,26,29,13,6,28,48,35,50,45,2,5,4,33,32,8,47,16,46,38,39,23,42,24,40,30,19,21,37,17,27,14,7,11,25,31,12,0,15,34,22,20,3,49,44,41,9,18,-10
a182,4,19,48,11,1,21,29,26,0,46,33,50,42,16,36,13,15,5,20,47,3,10,44,25,45,6,30,37,39,12,28,41,23,24,9,43,49,31,7,18,35,27,38,40,22,14,8,32,34,17,-10
a183,42,9,49,11,36,33,19,0,41,48,35,2,18,23,38,25,34,5,3,50,17,31,45,12,16,40,8,37,46,6,20,30,39,15,10,14,29,4,1,28,26,22,24,21,13,43,27,44,7,47,-10
a184,13,47,40,3,20,11,12,30,26,29,27,41,8,33,50,16,10,44,39,6,37,19,34,49,36,17,38,22,45,28,18,5,35,46,0,42,23,1,4,24,48,9,15,25,7,32,31,43,21,2,-10
a185,2,30,31,7,8,49,36,11,50,32,48,15,17,37,25,0,34,41,20,46,14,4,10,24,47,19,27,44,3,21,16,45,28,18,5,29,38,26,23,13,22,6,39,12,43,35,42,1,40,9,-10
a186,48,37,12,14,38,36,11,0,41,15,19,27,49,17,13,5,18,40,4,9,46,8,22,10,6,39,42,20,25,24,34,3,35,16,31,43,21,32,47,23,33,45,50,7,1,2,30,26,29,44,-10
a187,40,49,9,22,44,27,19,11,38,34,30,50,4,46,15,17,7,28,3,35,5,6,2,33,18,25,12,14,32,36,10,21,42,48,1,26,20,47,45,29,39,0,31,8,41,13,37,16,24,43,-10
a188,12,45,18,39,32,33,5,23,20,29,0,7,8,47,9,3,13,28,17,40,11,2,38,1,15,37,48,31,34,6,36,10,43,21,46,14,50,26,19,16,27,24,35,22,42,41,44,30,49,25,-10
a189,47,19,44,30,33,8,9,10,48,45,4,29,26,34,3,37,39,13,49,17,27,5,42,43,24,40,41,0,35,31,36,11,12,50,18,46,16,7,28,1,32,38,23,14,21,22,25,2,15,6,-10
a190,21,48,19,10,49,37,20,0,25,26,31,45,13,1,3,4,9,24,7,39,23,5,38,22,15,11,18,42,47,12,43,50,2,14,46,6,27,40,17,35,8,29,44,32,36,28,16,34,33,41,-10
a191,41,1,2,34,10,22,24,13,31,38,40,16,8,30,33,20,5,32,44,46,36,48,6,42,45,26,50,4,35,28,47,21,23,14,15,12,49,25,7,37,27,29,39,43,18,9,0,19,17,11,-10
a192,31,27,18,23,11,48,25,5,33,14,32,36,40,44,43,19,1,30,15,2,12,4,28,13,35,22,9,17,7,49,16,3,46,39,38,37,8,20,6,0,21,42,50,26,10,34,24,47,29,45,-10
a193,40,25,46,4,6,10,33,5,18,9,20,12,39,16,36,50,49,41,43,47,13,48,24,15,19,2,7,44,11,42,1,34,37,45,35,29,31,17,14,8,23,38,3,28,26,21,22,30,27,0,-10
a194,28,22,9,19,10,35,21,31,12,27,0,2,26,29,5,18,23,1,20,7,3,43,34,33,15,17,48,11,47,44,39,37,25,32,16,38,4,24,50,46,41,40,8,14,36,30,13,45,42,6,-10
a195,20,27,18,4,24,8,13,23,40,0,32,48,33,16,35,15,36,14,29,38,2,3,39,47,28,45,34,31,19,10,7,43,11,49,5,22,17,21,9,41,46,37,50,1,26,42,30,6,12,44,-10
a196,30,42,3,23,45,6,49,29,48,31,32,26,44,5,25,7,34,33,36,9,24,18,17,8,22,37,20,41,2,35,47,28,10,16,50,14,11,1,46,39,21,0,40,38,43,4,12,27,13,15,-10
a197,36,28,41,15,48,7,32,40,9,37,0,13,22,47,33,20,34,16,50,21,31,1,44,35,4,14,29,6,2,19,25,23,30,27,49,45,42,8,11,17,39,12,38,24,10,18,43,5,46,26,-10
a198,23,50,46,43,35,25,33,48,32,10,14,0,24,42,36,39,16,44,2,49,31,40,17,21,9,18,26,28,27,30,41,22,6,45,7,11,1,29,5,15,20,37,47,13,8,3,12,38,4,19,-10
a199,49,41,3,47,9,24,14,2,48,45,46,43,19,28,18,35,33,8,13,5,30,40,0,7,21,6,44,22,23,10,31,1,32,27,36,39,50,26,4,17,29,11,15,25,37,42,16,38,34,12,-10
a200,32,18,36,45,50,30,2,23,7,28,0,34,42,24,12,33,4,43,21,8,25,49,41,40,20,27,15,3,29,11,38,5,10,6,47,16,48,14,46,44,9,19,13,26,22,35,31,17,1,37,-10
a201,18,35,6,7,41,12,15,22,4,30,42,24,44,37,50,34,32,5,31,39,47,29,28,20,25,40,16,38,17,48,45,49,46,14,21,0,19,9,23,2,43,33,11,36,27,3,13,8,26,1,-10
a202,6,47,40,38,26,32,21,20,35,16,37,36,28,39,33,25,5,41,42,45,7,2,14,44,8,22,18,46,30,10,12,29,23,0,43,27,17,15,19,48,49,50,11,34,9,3,4,31,1,13,-10
a203,4,29,27,2,39,12,8,46,44,11,22,9,42,34,16,1,15,36,18,43,3,37,45,50,38,19,31,23,33,48,21,14,40,47,28,26,17,13,49,6,7,0,25,20,5,10,32,35,41,24,-10
a204,0,47,21,35,8,10,28,29,3,44,41,20,12,31,24,38,26,30,7,50,32,37,39,43,23,45,42,27,34,16,11,36,6,1,4,9,33,15,25,17,49,5,40,22,18,2,14,46,48,13,-10
a205,34,33,20,9,27,40,23,50,13,42,35,43,24,2,37,21,0,44,16,38,8,11,28,7,49,32,46,12,45,30,18,4,5,22,31,48,47,25,6,39,1,29,3,19,10,36,15,41,17,26,-10
a206,26,42,18,37,35,2,32,1,34,43,8,28,30,27,20,6,4,47,39,19,44,13,33,15,17,21,24,10,22,29,48,25,5,31,3,23,0,9,36,46,41,14,16,11,45,7,12,50,40,49,-10
a207,20,13,39,44,22,23,5,42,35,0,48,29,28,50,46,37,16,8,10,34,1,24,7,43,21,19,40,4,18,38,2,11,41,12,49,6,26,30,17,3,47,31,45,33,9,36,14,25,15,32,-10
a208,8,11,41,46,45,22,33,31,39,5,1,10,28,24,40,21,23,16,9,19,17,43,50,32,18,14,36,15,35,7,20,2,38,49,26,13,25,27,0,30,48,47,4,29,42,6,37,3,12,34,-10
a209,49,34,21,17,10,4,37,26,42,29,30,16,40,11,2,0,5,35,39,15,45,8,41,44,33,50,46,28,12,14,9,22,7,27,38,24,36,3,23,25,31,47,32,43,13,1,6,48,20,19,-10
a210,1,47,37,0,32,35,43,7,46,20,45,31,10,9,24,36,33,23,38,49,14,3,48,19,18,4,29,16,28,2,8,39,6,34,27,17,12,5,30,13,44,15,22,25,21,11,42,41,26,40,-10
a211,49,26,11,30,38,36,22,2,17,33,28,31,15,47,48,16,29,40,20,46,1,19,8,39,50,27,10,34,37,0,14,7,41,5,23,3,35,13,43,24,42,25,44,9,45,21,32,6,4,18,-10
a212,11,43,6,30,38,32,3,7,44,50,16,8,1,28,22,13,49,46,9,25,2,12,0,29,5,18,31,27,24,36,35,4,10,17,26,47,23,45,14,37,39,41,19,21,42,20,33,34,15,48,-10
a213,46,15,1,30,23,33,34,47,42,0,45,49,39,13,41,9,21,24,22,26,18,36,28,44,43,16,2,19,11,14,7,37,4,29,5,48,31,40,17,35,3,8,50,10,12,32,25,6,27,20,-10
a214,0,43,1,15,37,20,21,26,40,28,5,24,29,44,46,19,11,25,45,18,39,47,34,7,32,10,31,8,27,22,48,50,9,35,6,16,42,13,36,14,30,23,41,33,4,17,38,49,3,2,-10
a215,39,50,5,23,38,7,34,27,0,45,35,9,14,6,48,24,15,3,19,28,18,13,11,43,21,25,36,42,44,4,47,41,46,49,29,12,1,33,17,30,40,26,31,16,8,37,2,10,22,20,-10
a216,27,10,17,30,19,5,12,32,25,1,9,29,46,14,50,16,0,42,48,22,38,28,47,13,34,3,44,18,33,35,49,11,31,36,21,37,7,8,40,23,43,20,41,15,2,39,4,6,45,24,-10
a217,2,26,37,29,35,44,27,20,9,36,24,19,47,33,16,50,46,7,5,10,1,28,31,8,42,41,0,49,39,21,40,11,25,18,45,38,12,14,48,34,3,32,23,30,15,17,13,4,22,43,-10
a218,33,16,39,7,28,38,14,19,48,24,8,30,32,2,40,46,45,10,44,41,21,26,42,43,36,12,23,35,50,13,11,6,17,1,3,47,25,20,37,31,0,5,29,49,18,4,34,22,27,9,-10
a219,10,21,9,14,12,7,26,31,40,41,17,45,20,19,46,32,35,22,30,13,50,49,16,42,5,36,47,28,23,3,38,37,48,29,43,24,34,6,8,27,1,44,11,25,39,15,0,4,2,18,-10
a220,50,46,26,6,37,35,0,18,34,10,45,5,42,11,49,19,8,28,40,21,1,2,14,39,24,36,12,16,29,38,48,13,47,3,31,17,27,7,22,20,41,32,43,9,33,15,4,23,25,44,-10
a221,26,30,37,46,41,11,32,45,33,28,21,19,2,23,50,43,16,39,24,10,22,25,20,44,47,0,31,29,18,35,1,36,14,42,38,49,5,48,4,6,27,3,15,8,7,13,34,40,17,9,-10
a222,35,34,28,0,40,13,45,29,41,27,12,10,18,42,43,23,1,4,38,46,31,6,49,44,25,32,17,37,47,14,15,21,5,39,48,22,7,50,30,2,8,11,19,36,24,26,16,20,9,3,-10
a223,44,20,28,42,22,16,13,4,43,21,0,46,11,49,6,35,27,39,5,24,14,3,30,47,29,48,33,18,2,9,1,34,50,26,25,32,8,15,45,7,41,12,31,19,23,37,38,40,17,36,-10
a224,34,7,14,28,29,13,24,1,15,44,2,50,20,26,0,8,42,17,46,3,5,11,48,19,21,39,22,4,41,6,31,38,12,40,16,23,9,33,43,18,27,45,25,36,49,30,47,37,35,32,-10
a225,40,43,19,46,14,23,24,48,28,5,45,44,22,12,42,29,35,32,6,3,21,10,50,25,39,41,11,18,15,30,7,49,17,34,47,27,0,20,8,13,38,16,2,31,1,37,26,4,33,9,-10
a226,48,22,39,1,27,28,20,16,40,24,31,32,3,14,41,7,12,13,10,15,30,29,34,4,17,5,43,47,8,42,21,9,6,0,50,45,44,25,35,37,49,18,11,46,36,19,33,38,26,23,-10
a227,14,17,26,34,20,25,16,48,8,49,35,19,1,33,27,29,0,4,13,2,47,12,9,40,42,37,41,38,50,46,36,7,45,23,6,32,3,43,24,39,21,31,28,10,22,18,5,30,11,44,-10
a228,2,39,40,7,14,25,48,28,38,33,26,35,17,11,19,44,18,16,31,41,15,49,20,10,3,50,23,12,27,30,13,1,0,42,32,5,46,9,29,36,6,34,43,21,22,8,45,47,24,37,-10
a229,38,43,11,9,37,2,49,5,10,36,8,46,4,28,12,23,16,21,17,45,48,1,41,26,35,15,44,39,18,27,31,6,14,13,24,7,42,33,32,47,25,30,0,22,40,50,34,19,3,29,-10
a230,46,42,9,24,6,40,38,44,50,30,0,37,18,1,7,28,2,26,12,39,31,17,29,10,34,43,22,21,45,35,47,49,15,36,8,16,3,23,48,32,19,13,41,4,20,14,27,33,5,11,-10
a231,15,23,0,19,25,49,50,3,11,5,33,28,8,13,6,14,17,41,12,30,29,16,21,47,34,40,48,27,22,42,36,20,44,31,35,1,39,26,9,37,46,45,10,18,38,24,43,7,32,4,-10
a232,32,9,7,48,5,44,45,11,18,31,49,8,10,34,4,20,0,23,46,1,12,26,29,28,42,33,37,30,17,3,39,41,22,50,13,38,19,27,47,16,36,14,6,21,25,24,40,43,15,2,-10
a233,8,31,0,42,25,22,47,12,28,17,34,13,20,23,40,18,50,44,24,1,39,11,21,27,36,9,29,32,45,37,35,6,10,2,26,4,14,19,30,49,48,43,15,41,33,46,16,38,3,7,-10
a234,22,40,25,32,0,35,36,8,14,50,39,3,10,31,6,16,45,1,41,7,2,29,12,43,9,26,15,49,17,20,27,23,11,13,34,42,37,19,38,24,18,21,4,44,30,47,46,48,33,5,-10
a235,30,0,37,41,19,5,28,17,3,34,40,6,11,24,26,4,2,49,31,13,36,20,32,48,27,9,33,14,22,50,42,44,16,47,35,12,45,43,21,8,1,23,15,7,46,18,25,38,39,29,-10
a236,35,30,46,10,42,31,0,12,40,3,7,38,1,39,8,47,44,2,9,29,18,20,21,5,32,22,25,33,23,14,24,43,34,28,15,41,45,13,11,17,37,16,27,4,36,48,50,19,26,49,-10
a237,39,38,24,23,19,29,44,34,48,35,30,43,1,16,21,8,25,20,31,28,41,6,3,22,37,13,47,27,12,17,15,18,9,2,0,42,32,45,50,11,14,5,7,40,33,46,49,10,26,4,-10
a238,31,15,38,11,32,50,7,22,34,45,5,44,30,28,26,49,4,9,20,43,14,24,18,3,23,21,47,33,16,1,0,13,25,10,39,17,8,29,37,12,35,42,48,6,40,36,19,27,46,2,-10
a239,23,39,15,7,43,45,17,37,4,10,19,29,33,47,11,28,18,31,35,14,2,49,1,21,16,38,34,9,30,13,8,40,41,46,32,36,44,25,12,6,48,0,5,20,22,26,50,27,42,3,-10
a240,39,13,36,34,43,16,20,3,22,40,2,1,35,31,23,41,29,37,0,46,8,7,27,32,24,28,50,18,6,33,49,10,30,48,21,19,17,26,45,25,38,44,11,5,42,47,15,14,12,4,-10
a241,7,44,3,8,12,35,10,23,17,38,31,4,48,5,46,37,15,13,18,40,1,14,29,34,32,36,28,25,30,50,19,47,16,42,9,22,21,20,24,33,6,0,26,45,2,49,41,43,39,11,-10
a242,22,26,10,29,20,27,21,3,45,37,13,32,30,43,49,24,40,47,7,28,38,6,15,17,39,44,9,25,34,19,1,16,35,23,4,18,36,14,48,50,41,2,33,42,0,8,12,31,46,11,-10
a243,36,27,33,16,9,7,48,5,46,34,10,49,26,25,19,3,28,41,31,21,11,30,4,35,43,40,6,23,45,24,17,22,39,18,15,37,47,12,50,38,0,1,13,44,2,20,14,29,32,8,-10
a244,46,26,10,23,21,13,43,22,15,12,34,38,49,16,19,42,40,31,37,50,0,35,6,33,2,20,9,41,48,27,30,45,11,24,28,39,25,32,47,29,44,14,5,18,1,7,4,36,3,17,-10
a245,43,8,4,17,47,21,46,49,38,20,1,5,7,25,34,12,22,11,10,29,16,48,13,30,40,33,0,50,24,15,27,2,26,37,23,28,3,9,44,42,36,18,14,35,39,41,6,32,19,45,-10
a246,49,18,44,41,12,31,6,27,22,40,47,32,1,30,39,23,11,42,28,8,35,25,17,26,4,38,13,15,33,29,45,48,43,2,21,37,20,3,34,36,0,16,50,19,7,5,9,46,10,24,-10
a247,4,6,17,2,29,8,39,44,14,10,41,30,26,46,3,38,50,36,7,19,27,28,15,22,25,13,1,23,47,20,5,24,21,45,42,31,37,43,9,12,32,49,33,34,18,0,35,16,11,48,-10
a248,47,5,8,30,38,37,29,48,24,7,21,40,49,17,34,31,22,1,23,26,44,46,11,41,14,33,10,27,35,32,15,0,12,28,3,19,6,2,45,16,39,13,4,20,18,43,50,36,9,25,-10
a249,29,38,11,10,4,15,23,16,17,36,9,50,28,31,5,20,39,2,42,35,49,46,8,12,47,40,45,6,18,13,27,14,25,30,43,1,22,44,48,7,32,21,24,37,41,34,26,0,33,3,-10
a250,31,1,33,4,12,24,0,28,29,39,3,49,36,15,30,37,44,48,2,23,17,20,14,34,41,21,43,35,46,18,50,27,7,9,47,42,25,16,10,11,45,19,8,26,5,32,6,22,38,13,-10
a251,4,32,6,29,41,25,14,40,38,33,37,34,1,47,10,24,11,22,26,16,5,28,39,8,31,35,15,36,27,43,48,2,7,49,3,21,9,20,13,23,42,50,46,17,30,12,0,18,19,44,-10
a252,12,36,13,3,33,30,10,50,18,24,39,23,21,14,26,22,0,19,48,43,44,47,34,1,49,42,9,45,2,29,46,11,31,27,38,25,4,15,20,7,37,6,28,35,41,40,5,16,32,8,-10
a253,6,21,39,49,22,10,11,13,41,37,20,12,5,24,36,47,44,8,16,14,23,35,50,0,33,2,19,28,42,3,15,48,45,9,40,31,29,38,46,7,30,34,18,26,25,17,32,4,43,27,-10
a254,19,11,7,28,46,20,0,34,5,32,36,4,18,26,14,33,6,15,13,25,10,42,47,2,43,31,22,38,23,16,48,27,40,12,35,41,21,45,44,50,3,37,8,29,1,30,39,49,17,24,-10
a255,46,34,35,13,18,32,29,17,31,40,15,9,26,19,2,43,10,44,6,16,45,0,12,39,33,3,20,21,14,5,25,48,50,30,28,38,24,11,42,47,7,4,37,1,22,41,49,27,8,23,-10
a256,36,31,6,21,49,4,26,42,16,7,41,13,27,5,44,43,9,48,29,22,17,11,3,20,23,12,30,25,2,39,38,10,46,19,47,15,50,14,8,32,33,34,0,40,18,35,1,28,37,45,-10
a257,45,27,1,22,32,31,13,37,5,23,46,2,3,10,35,17,30,8,34,43,50,6,7,18,33,4,19,9,12,20,26,25,29,14,42,40,16,48,15,11,24,39,21,0,49,47,38,36,28,41,-10
a258,2,32,48,43,7,1,17,11,18,41,39,28,25,16,42,37,29,19,20,3,8,6,38,12,47,36,45,22,34,30,31,9,13,27,49,46,5,40,14,35,50,33,24,0,44,15,4,10,21,26,-10
a259,38,22,1,0,36,6,12,19,16,14,35,28,39,27,23,21,37,45,46,48,5,30,29,32,43,10,15,25,24,13,3,9,17,34,11,26,20,2,4,40,44,47,8,18,41,50,31,42,7,33,-10
a260,48,17,49,35,41,13,19,14,28,3,10,21,2,44,24,42,45,40,33,37,6,43,29,47,9,36,50,7,26,38,8,25,22,30,23,1,32,5,18,4,0,39,46,16,15,11,12,20,31,34,-10
a261,13,18,36,11,12,27,15,38,5,48,45,28,42,43,9,44,33,40,7,1,21,29,46,24,16,30,20,3,34,10,37,6,35,32,25,31,39,19,26,49,17,50,0,8,14,23,47,4,22,41,-10
a262,34,3,47,27,50,6,44,7,39,24,37,14,48,12,36,25,10,31,21,2,46,42,43,45,16,19,11,30,28,20,4,18,49,5,8,32,40,41,13,38,1,35,23,22,26,0,17,15,9,33,-10
a263,17,39,50,26,41,18,36,44,24,37,6,32,0,47,14,3,5,10,38,22,28,40,49,7,31,8,43,19,15,20,1,13,21,29,12,30,23,45,48,46,27,35,34,42,16,9,11,4,25,2,-10
a264,8,16,29,50,30,33,9,4,49,38,43,35,18,36,42,24,34,15,17,32,44,41,48,1,40,37,46,0,11,2,12,14,47,21,26,25,10,3,13,22,45,39,20,6,31,28,23,27,7,5,-10
a265,9,19,47,50,7,29,35,12,33,37,3,36,21,46,44,23,26,13,38,0,8,39,14,31,45,27,40,25,4,18,10,2,6,11,43,30,22,48,41,34,32,15,16,28,5,1,42,49,17,20,-10
a266,22,0,36,45,47,25,24,35,17,2,6,28,46,5,12,31,40,39,26,15,10,16,7,49,44,1,41,48,34,32,19,21,50,18,13,43,11,23,33,9,30,27,4,14,3,38,20,29,42,8,-10
a267,46,35,24,18,14,0,29,9,23,33,41,50,21,7,39,26,38,49,10,31,16,1,27,34,30,48,47,2,45,28,17,43,11,25,15,32,5,20,40,13,37,19,12,42,44,6,3,36,8,4,-10
a268,33,19,46,49,11,32,5,26,48,8,12,6,18,35,10,42,28,17,27,21,20,34,41,0,30,50,40,31,16,23,7,39,22,14,36,38,4,1,25,44,3,47,24,13,43,2,9,37,45,29,-10
a269,33,45,17,42,35,34,16,31,24,23,49,14,40,3,21,39,44,2,37,8,28,19,38,7,4,15,50,9,30,25,10,5,43,1,26,36,20,41,0,6,12,29,32,48,47,22,27,46,11,13,-10
a270,24,41,3,44,21,30,34,45,32,29,8,27,49,31,17,46,37,0,16,50,33,28,14,40,36,6,10,35,25,5,7,4,23,15,22,20,39,2,38,26,19,11,43,47,48,13,42,1,12,9,-10
a271,49,14,35,13,44,45,42,21,10,36,30,40,37,3,38,48,11,34,23,50,0,15,47,7,26,12,22,20,41,28,2,25,5,17,31,16,46,32,39,29,33,1,27,43,18,24,9,8,6,19,-10
a272,47,13,29,35,42,15,23,49,10,46,14,34,27,4,0,26,39,41,37,43,21,1,38,12,32,3,31,44,36,20,5,2,40,30,22,7,16,50,28,18,6,45,48,19,33,25,11,24,17,9,-10
a273,15,31,14,8,25,27,45,33,22,32,4,40,5,6,28,9,10,47,2,39,41,37,46,23,21,30,7,49,24,13,38,3,44,20,34,11,17,50,1,0,18,16,35,36,19,48,42,29,12,26,-10
a274,19,28,0,24,14,41,37,7,32,40,30,34,25,46,16,27,38,10,44,42,45,39,49,13,6,22,33,29,26,4,3,8,31,5,43,11,36,18,50,35,2,17,20,21,23,47,15,1,9,12,-10
a275,23,10,13,32,48,30,38,27,29,47,6,49,31,50,24,45,33,46,3,37,42,12,2,4,41,5,17,21,36,9,7,40,43,0,18,20,22,39,44,25,8,34,15,19,1,11,16,35,26,28,-10
a276,14,43,48,39,44,22,18,37,30,24,40,9,21,1,7,8,35,26,47,38,28,10,5,11,50,17,15,32,23,4,49,42,34,19,46,2,41,12,29,3,0,45,16,20,6,27,33,13,36,25,-10
a277,2,8,33,9,45,19,47,11,23,13,41,6,37,3,27,0,29,18,28,39,21,46,26,1,30,7,38,14,35,32,20,24,44,48,16,22,12,40,31,42,17,34,49,4,43,10,15,36,5,25,-10
a278,14,16,9,1,18,15,34,26,10,27,6,7,22,29,42,41,30,48,36,49,46,32,8,50,45,33,4,37,47,40,21,23,3,5,11,44,25,19,0,24,2,20,43,17,28,13,38,39,35,31,-10
a279,1,34,12,49,44,13,37,11,7,26,27,24,14,0,33,4,42,8,29,36,3,6,40,17,20,9,30,45,32,50,23,43,47,18,21,38,10,16,28,19,35,25,15,48,41,2,31,22,46,39,-10
a280,24,32,0,37,20,41,49,14,50,30,9,16,43,5,46,28,23,47,19,36,33,21,31,15,42,29,11,2,48,1,25,35,39,6,7,44,8,17,40,38,13,4,22,45,18,34,12,26,27,10,-10
a281,22,38,6,12,13,9,44,29,18,37,5,16,17,46,27,43,30,4,25,24,11,15,49,36,8,39,10,47,31,23,48,40,42,41,19,14,0,35,21,33,45,7,3,32,20,50,26,34,1,2,-10
a282,5,9,23,37,17,8,39,19,25,30,2,3,12,36,10,11,0,46,26,43,35,20,13,24,41,22,33,38,47,49,6,45,7,32,48,18,4,34,14,31,42,40,29,1,27,16,44,28,15,21,-10
a283,5,18,19,35,21,29,17,39,11,8,45,27,36,7,49,14,16,48,22,25,32,13,42,50,15,44,9,3,6,43,20,28,37,0,10,47,46,34,41,38,24,31,30,33,12,2,23,40,4,1,-10
a284,37,8,49,24,15,13,43,7,47,20,35,21,9,22,33,41,34,3,28,39,36,40,5,11,26,50,32,45,1,10,27,4,18,42,46,23,30,0,6,2,44,19,38,12,16,25,31,48,17,14,-10
a285,8,22,5,13,37,18,32,40,35,44,26,17,0,46,39,23,25,49,45,20,31,6,21,19,29,48,2,3,38,36,4,50,33,10,1,12,7,30,15,28,9,27,14,41,11,34,47,43,16,42,-10
a286,27,12,36,9,0,1,42,3,44,18,35,17,24,37,46,7,10,33,41,32,15,20,31,19,14,25,50,30,4,48,2,43,11,26,22,21,45,49,38,28,47,13,23,39,29,6,16,5,34,8,-10
a287,4,12,16,30,37,21,2,3,50,27,36,40,41,23,45,39,9,42,13,43,32,48,24,26,10,29,7,46,33,6,17,14,34,31,18,11,25,35,44,5,15,1,20,49,0,47,8,19,38,28,-10
a288,44,48,46,2,42,50,22,15,9,12,36,49,0,26,45,37,13,27,7,30,25,6,5,29,20,32,17,35,11,3,10,1,24,39,4,16,47,38,40,23,41,33,19,8,31,14,43,21,34,28,-10
a289,15,41,7,25,8,16,44,20,45,34,12,11,14,26,17,6,23,10,18,35,5,49,32,27,42,47,50,37,13,1,22,33,21,43,46,31,2,29,36,39,9,48,40,30,38,24,4,28,3,19,-10
a290,29,34,5,17,1,46,38,26,18,32,7,28,6,16,0,19,25,49,24,43,42,37,8,50,15,23,20,47,10,27,40,11,4,33,3,35,44,9,21,13,48,22,30,14,39,31,12,45,36,41,-10
a291,46,37,43,18,40,49,29,24,5,15,39,28,10,13,48,11,20,2,16,30,35,50,32,4,0,25,9,47,44,33,42,34,27,8,36,38,14,23,17,41,19,26,12,21,45,6,7,3,31,1,-10
a292,38,16,23,10,31,39,18,37,1,49,43,22,33,19,14,32,47,27,40,24,29,8,11,34,6,7,44,4,35,0,21,41,36,9,25,12,17,50,26,20,3,45,48,15,42,5,46,30,13,28,-10
a293,40,9,22,39,48,28,14,7,18,2,35,36,1,10,20,50,16,6,0,19,29,17,37,25,12,46,21,45,47,27,4,33,24,26,32,11,13,15,41,8,38,44,30,3,49,42,31,43,5,23,-10
a294,30,10,21,11,19,40,36,15,28,35,4,42,6,34,2,47,22,5,37,29,27,23,25,38,43,9,33,31,18,41,7,3,16,1,32,46,39,14,20,17,0,50,13,24,45,12,44,48,8,49,-10
a295,31,40,16,2,17,43,46,20,21,47,4,23,24,13,49,22,45,0,5,50,3,41,33,44,1,48,28,30,11,8,14,15,7,38,26,39,18,10,6,19,27,9,32,35,29,36,37,12,25,42,-10
a296,19,44,32,21,47,0,38,29,10,17,3,9,23,4,35,43,41,49,13,34,31,37,30,14,27,5,16,25,18,1,6,28,22,12,33,2,45,11,26,20,48,46,39,8,42,50,40,7,15,24,-10
a297,23,19,8,33,36,29,10,43,14,35,49,26,21,20,41,4,38,5,24,45,15,50,37,31,17,42,18,22,47,46,0,32,39,40,34,11,27,7,16,44,3,30,6,48,2,12,13,25,28,9,-10
a298,42,26,24,47,30,15,21,46,45,33,49,3,11,8,19,48,40,38,31,4,1,41,37,0,43,18,12,28,17,6,20,7,9,14,25,16,44,22,35,23,32,27,29,2,13,50,36,10,39,34,-10
a299,8,31,40,15,17,33,44,6,36,46,49,9,14,4,38,16,20,50,13,21,1,3,18,19,27,12,22,25,34,39,41,0,10,26,2,48,29,11,35,7,30,28,23,43,24,45,42,32,47,5,-10
a300,2,14,49,48,38,6,3,37,40,42,31,13,43,16,9,8,11,39,10,41,20,17,33,5,50,15,30,21,46,44,18,45,34,24,4,23,1,19,25,7,36,27,0,29,47,22,32,28,35,26,-10
a301,21,16,48,25,32,30,6,3,38,7,49,46,47,8,34,31,50,40,14,33,43,10,20,22,39,27,45,19,26,23,0,37,44,2,12,1,42,11,35,29,17,13,4,28,15,9,24,41,5,36,-10
a302,12,33,5,2,10,23,29,37,19,17,18,3,50,13,14,38,40,45,35,4,21,27,20,22,46,48,49,39,28,32,41,9,43,24,26,31,15,30,47,16,42,0,7,25,44,34,6,11,8,36,-10
a303,7,16,20,26,19,9,47,27,49,37,25,32,22,46,43,33,48,3,17,39,42,12,6,31,29,4,10,44,18,15,24,30,36,14,23,11,38,41,0,40,13,21,2,5,50,28,45,1,8,35,-10
a304,3,42,36,45,6,46,7,43,47,1,0,29,28,39,22,24,49,26,2,21,8,13,31,14,12,19,30,23,50,4,35,32,15,10,5,27,11,48,17,33,18,25,44,20,40,34,41,37,16,9,-10
a305,5,26,10,0,47,41,36,31,13,6,29,45,17,7,48,4,22,38,35,30,46,43,19,9,33,32,39,37,40,23,49,25,28,3,2,50,44,27,14,18,24,20,21,42,16,15,34,12,1,11,-10
a306,28,31,34,40,1,16,26,42,14,6,3,41,37,0,44,27,32,25,45,15,13,9,12,4,22,24,21,19,11,39,17,30,8,29,50,43,36,18,2,7,5,48,35,38,49,46,20,10,47,23,-10
a307,27,5,25,47,33,28,12,23,1,48,46,38,42,22,45,20,50,36,16,32,6,15,9,7,44,18,31,24,3,14,35,30,41,19,13,2,43,49,34,29,39,10,21,37,11,40,8,26,0,17,-10
a308,2,3,21,26,28,47,41,17,4,45,1,0,36,43,7,22,30,44,38,39,32,34,46,29,11,37,14,25,10,20,24,16,15,48,31,9,5,42,27,40,13,18,12,6,8,19,35,50,23,33,-10
a309,27,34,48,12,0,42,47,7,18,20,23,19,22,1,21,29,32,35,13,8,10,39,31,9,26,25,30,41,28,6,38,16,3,46,44,15,36,11,5,50,2,17,45,24,14,33,43,37,49,4,-10
a310,23,33,13,12,15,20,8,2,6,17,18,48,21,37,34,22,39,28,49,38,16,35,41,5,29,10,36,45,40,46,26,3,1,27,19,43,4,50,9,42,14,31,7,11,0,44,25,30,32,24,-10
a311,16,39,29,17,1,44,46,15,14,27,28,10,23,30,42,50,32,5,22,24,48,34,40,36,45,35,12,41,11,0,20,3,43,31,13,2,19,7,6,47,25,33,4,21,37,49,9,18,38,8,-10
a312,8,46,47,33,44,13,35,14,42,15,7,29,27,21,36,26,20,24,49,30,17,3,32,22,18,12,37,34,5,9,2,4,39,19,48,1,11,38,31,16,50,40,25,41,23,28,0,45,10,43,-10
a313,4,18,24,33,43,47,25,12,16,17,19,40,6,1,3,45,38,21,29,23,41,0,39,2,7,34,15,8,46,14,42,36,10,13,37,48,44,28,26,20,50,9,22,11,49,31,5,35,27,30,-10
a314,24,8,10,11,48,43,20,1,44,17,19,21,5,28,16,36,46,4,18,23,39,38,32,47,45,2,42,41,0,49,30,31,33,14,35,22,3,37,50,9,40,7,6,29,13,26,12,34,27,25,-10
a315,14,12,47,5,7,48,31,23,22,11,13,40,37,10,34,8,28,17,50,0,20,26,44,41,45,6,19,9,15,46,16,42,2,24,4,38,30,18,32,39,49,43,27,35,33,21,3,29,1,25,-10
a316,6,23,27,26,7,31,2,49,45,13,21,28,24,43,15,0,34,18,14,36,1,17,37,16,9,11,42,44,20,5,38,12,10,29,3,39,50,22,4,25,41,47,8,46,30,19,40,33,32,35,-10
a317,19,27,44,4,35,46,9,12,43,23,14,1,30,3,11,32,15,7,33,40,41,26,39,37,8,49,48,0,6,5,45,24,50,25,38,22,36,29,16,2,34,28,31,20,10,13,21,18,47,42,-10
a318,24,13,45,46,7,31,26,19,32,47,1,20,22,25,4,44,39,28,50,14,15,0,48,9,18,8,27,38,10,49,5,23,21,12,11,16,34,37,36,40,17,30,6,33,35,2,3,29,41,42,-10
a319,26,30,28,23,45,7,43,49,3,10,25,34,40,32,48,37,8,41,39,17,14,21,11,2,27,20,16,12,6,46,29,47,22,4,13,0,50,24,15,42,38,36,44,1,5,31,19,35,33,9,-10
a320,23,1,38,26,45,8,9,33,42,44,5,31,39,2,36,13,19,49,21,17,18,34,6,29,35,20,25,12,46,47,32,14,3,4,28,16,41,37,24,50,40,27,10,11,7,0,48,15,43,30,-10
a321,46,28,26,43,25,13,45,15,17,1,19,49,38,30,36,24,12,44,34,3,50,47,11,31,9,14,21,23,4,48,41,42,6,37,7,27,29,33,39,10,20,40,22,8,18,16,35,5,32,2,-10
a322,3,14,44,12,34,29,47,43,11,49,37,19,28,0,48,46,13,10,50,18,8,15,20,6,16,21,31,1,32,35,42,23,7,4,17,30,40,5,24,39,27,45,33,2,41,9,25,22,26,36,-10
a323,0,35,46,5,23,9,13,43,24,21,29,8,26,15,33,19,20,3,41,38,39,2,31,10,7,37,17,50,4,11,28,47,42,12,1,18,44,32,49,34,45,6,30,25,14,27,36,22,48,16,-10
a324,4,21,0,44,49,15,3,40,36,29,23,46,30,20,13,48,41,31,19,12,25,2,1,43,50,22,32,38,26,9,8,37,27,35,6,5,39,42,17,24,28,34,18,14,16,11,45,10,33,7,-10
a325,22,25,33,40,29,32,50,41,37,45,5,17,24,9,30,20,12,3,0,1,2,7,31,42,48,23,19,47,44,21,6,13,49,14,36,43,34,38,27,39,35,26,15,18,16,46,8,10,4,28,-10
a326,28,48,37,30,13,40,29,3,6,46,38,31,20,22,0,36,5,35,39,17,34,14,10,44,27,25,9,24,16,15,23,26,47,45,21,11,7,42,18,1,50,12,32,49,43,19,33,41,8,4,-10
a327,15,26,7,29,18,20,8,47,25,40,35,10,36,38,37,32,5,2,39,27,19,13,48,21,12,30,33,46,1,9,50,14,45,41,28,34,0,23,43,42,17,3,24,22,31,6,44,49,16,11,-10
a328,21,43,46,45,18,30,35,49,14,41,22,44,48,7,50,31,6,2,32,28,19,13,1,27,39,15,17,10,16,0,3,29,25,33,24,34,40,8,11,9,36,42,26,4,12,47,20,37,38,5,-10
a329,32,50,20,36,37,15,23,12,7,34,24,2,14,45,6,25,47,0,1,29,41,17,5,35,3,22,10,11,28,16,43,19,40,44,48,39,4,8,30,49,46,9,18,42,13,27,31,21,38,26,-10
a330,39,13,38,7,11,33,44,16,10,5,46,20,8,22,34,42,29,45,32,43,41,30,15,18,2,19,17,28,47,31,27,0,12,24,14,49,48,26,6,23,25,4,21,1,37,3,36,50,40,9,-10
a331,24,29,31,25,49,50,45,34,48,10,26,16,19,11,12,7,44,18,27,14,23,15,37,40,36,42,38,1,2,39,22,41,8,3,28,35,13,33,32,9,43,0,47,46,21,4,17,6,20,30,-10
a332,18,46,35,27,47,7,39,4,3,25,16,50,14,10,38,48,49,24,0,6,40,33,32,28,37,23,2,5,44,1,19,11,21,30,22,31,17,8,29,45,41,36,20,34,15,13,42,9,12,43,-10
a333,42,32,21,3,34,18,49,20,19,48,16,14,26,17,33,5,50,6,31,4,9,10,13,35,22,11,30,7,38,12,40,1,28,45,24,29,8,36,44,25,27,0,39,43,2,46,41,37,15,23,-10
a334,49,31,13,10,20,21,43,19,46,8,33,3,5,7,17,42,14,26,41,2,39,18,32,24,4,35,50,44,38,28,47,12,22,48,36,16,30,34,37,0,9,25,15,27,29,40,23,11,6,1,-10
a335,26,10,34,43,22,13,45,35,2,27,6,40,9,20,12,8,1,48,32,31,17,41,16,4,46,11,14,24,3,18,30,25,7,50,38,29,37,39,21,47,0,33,44,42,5,19,28,23,36,15,-10
a336,7,3,25,26,48,31,10,46,0,11,38,13,29,40,12,24,21,39,2,28,50,49,6,19,47,9,23,37,42,32,5,8,22,41,36,34,30,4,44,17,43,14,15,18,1,35,27,33,16,45,-10
a337,24,13,47,42,7,43,26,16,23,45,17,25,9,44,11,19,10,39,32,18,50,41,49,30,37,20,36,14,38,31,12,3,48,27,22,8,2,5,35,4,1,40,6,34,46,33,21,15,29,0,-10
a338,25,16,0,36,3,33,41,30,28,4,20,13,8,14,11,26,48,9,19,46,29,18,34,6,38,23,42,17,39,47,2,22,45,49,37,7,40,43,21,12,15,10,1,50,32,44,5,27,35,31,-10
a339,21,46,4,0,37,3,39,25,22,36,30,12,27,40,29,9,6,28,34,41,15,14,38,16,20,47,5,24,35,43,49,7,2,33,19,44,18,48,13,45,8,42,11,1,17,32,10,26,31,50,-10
a340,41,7,20,12,36,44,39,5,30,24,40,38,46,28,33,0,47,48,42,25,32,1,10,11,23,15,35,3,19,16,21,26,45,6,9,34,18,17,37,43,22,14,13,27,4,50,29,2,49,31,-10
a341,33,37,23,47,5,28,32,25,36,39,31,16,21,14,48,17,50,11,24,20,10,8,35,41,13,27,43,18,42,15,46,29,34,9,4,6,7,49,1,0,38,30,26,45,19,2,22,12,40,3,-10
a342,35,48,47,26,27,17,36,7,0,37,24,13,18,15,41,20,32,11,6,45,49,30,33,44,42,2,5,28,31,46,43,25,34,12,50,23,38,16,3,9,4,19,8,21,22,10,40,29,39,14,-10
a343,29,32,42,43,10,5,23,47,3,31,17,45,37,6,30,33,15,41,39,26,36,4,48,27,13,50,11,40,1,49,16,14,21,44,28,19,24,9,20,2,34,46,0,18,22,35,12,8,38,7,-10
a344,14,33,47,13,2,30,1,41,16,25,49,40,38,27,6,8,42,20,5,46,22,21,45,36,32,3,35,7,48,24,10,15,43,0,11,23,50,31,26,37,18,17,34,9,28,12,39,4,29,19,-10
a345,18,49,2,20,14,32,39,4,23,41,29,33,26,50,42,31,3,7,46,13,1,27,17,37,22,6,40,16,12,10,36,25,21,5,43,0,24,30,47,34,45,48,28,11,38,8,9,19,35,44,-10
a346,42,22,49,46,33,37,50,16,36,23,5,11,7,8,12,28,29,4,26,1,30,35,15,18,17,47,40,6,31,20,14,24,44,38,41,45,10,32,25,2,34,19,43,3,21,0,27,39,48,9,-10
a347,26,32,44,19,31,8,41,37,5,22,21,46,0,47,29,35,43,27,30,23,50,33,10,39,13,14,6,1,34,12,16,28,17,4,45,7,40,25,3,11,2,36,18,42,15,48,9,24,49,38,-10
a348,26,27,45,48,29,3,35,9,24,19,30,11,20,18,6,13,0,23,12,43,5,47,21,15,49,2,31,17,39,28,38,25,4,44,14,22,32,34,16,40,1,41,8,42,10,7,37,33,50,46,-10
a349,41,22,45,36,3,0,25,32,50,33,35,49,17,7,19,34,6,43,40,48,30,1,14,24,28,37,26,31,47,46,38,29,15,2,8,42,11,4,18,10,39,5,16,20,23,13,44,9,21,27,-10
a350,35,21,2,14,18,50,5,42,20,37,17,48,16,34,7,1,13,27,31,46,41,11,24,10,4,32,12,22,9,49,30,23,43,40,19,47,8,44,25,0,28,3,36,39,38,45,29,6,33,26,-10
a351,14,42,3,16,21,7,32,11,39,28,1,17,30,47,36,20,50,46,34,33,29,37,5,10,15,22,23,25,26,45,12,8,41,13,49,31,18,38,48,40,44,9,2,19,0,6,4,43,35,27,-10
a352,6,25,28,18,1,7,9,0,40,42,45,26,32,4,30,14,37,12,19,36,10,34,38,29,22,20,2,33,50,27,11,41,48,17,21,44,39,5,15,13,47,35,8,43,24,31,49,23,46,3,-10
a353,42,17,20,25,3,12,30,35,28,6,21,32,36,47,11,34,15,18,5,10,9,14,2,19,26,23,8,7,24,38,0,50,44,4,31,29,1,45,43,40,48,39,46,16,37,27,49,33,22,13,-10
a354,6,8,11,38,29,31,15,26,22,47,46,1,33,34,40,23,25,14,39,10,3,4,5,17,36,27,20,50,35,28,21,45,43,2,42,32,7,41,0,48,44,30,37,16,49,9,12,19,13,24,-10
a355,7,27,1,41,43,48,31,15,40,32,2,6,8,26,21,20,28,44,12,17,24,23,18,33,13,34,38,30,14,0,37,9,35,46,42,45,10,47,50,25,11,5,29,16,3,39,36,4,49,19,-10
a356,8,47,31,34,44,42,50,29,45,33,39,1,14,36,21,3,25,24,23,35,41,9,48,18,5,43,16,7,6,10,30,28,26,15,27,20,32,40,19,17,12,4,37,13,38,2,46,0,49,22,-10
a357,25,13,5,9,37,28,6,40,41,3,36,20,17,7,23,48,46,12,11,44,1,4,24,43,45,0,21,16,50,22,10,8,26,34,38,42,39,2,18,29,30,49,27,33,31,32,19,35,47,15,-10
a358,28,45,37,25,29,47,44,38,1,2,34,6,36,27,50,26,43,7,39,31,23,5,48,14,35,4,41,11,32,20,15,0,17,42,10,9,40,49,16,24,19,18,8,30,22,3,33,12,21,13,-10
a359,23,37,22,29,49,43,21,42,27,40,19,17,11,16,2,25,26,46,20,30,34,15,24,5,28,38,8,12,13,39,44,45,6,33,31,50,47,48,35,3,10,7,4,0,1,14,32,18,36,41,-10
a360,16,15,24,22,45,49,8,29,9,31,6,36,37,21,19,17,42,20,39,48,2,11,7,27,30,10,35,4,26,50,12,28,18,46,14,47,3,25,5,44,41,38,13,1,33,0,43,32,40,23,-10
a361,45,40,25,2,47,24,41,37,50,48,16,33,8,20,44,15,17,21,26,23,30,11,35,12,4,27,14,36,46,49,34,32,1,19,10,3,7,22,9,39,38,6,28,42,29,31,5,13,18,0,-10
a362,31,28,8,0,50,17,20,5,44,7,27,22,42,2,3,36,14,23,29,6,34,24,9,48,39,12,26,41,1,43,45,21,32,46,25,11,47,38,49,19,10,33,15,37,30,40,4,35,16,13,-10
a363,22,47,27,32,7,1,38,45,18,23,21,50,49,15,39,36,20,8,46,13,14,40,48,2,43,44,6,35,19,3,12,0,17,34,16,41,24,28,29,5,33,30,31,25,9,42,10,11,26,37,-10
a364,44,11,18,4,45,9,41,12,43,10,14,3,30,48,40,49,15,32,33,34,22,7,6,42,25,24,2,0,47,50,29,27,37,31,28,26,13,19,35,36,20,23,21,5,17,46,8,16,1,38,-10
a365,11,50,43,25,21,20,36,5,9,13,17,2,45,6,8,22,27,30,48,34,40,26,14,7,49,23,12,3,46,19,37,35,0,16,42,44,41,38,33,4,31,24,1,10,32,15,39,29,47,18,-10
a366,37,28,21,24,36,30,6,33,35,1,39,19,34,45,15,9,48,31,46,49,16,50,11,38,2,0,5,20,14,25,23,29,44,13,22,7,43,32,26,12,4,18,3,41,17,8,27,47,42,40,-10
a367,14,42,35,47,4,49,31,7,45,37,43,32,10,22,28,33,27,34,20,38,29,8,46,36,0,13,26,9,17,50,16,1,15,24,19,30,23,40,12,44,48,2,3,18,6,25,39,5,11,21,-10
a368,41,15,0,18,47,45,22,7,21,33,49,14,42,23,25,29,19,31,26,27,44,5,32,10,39,3,28,2,50,6,11,35,12,17,24,1,4,40,43,46,38,37,20,36,8,34,48,9,16,30,-10
a369,3,21,43,9,17,49,41,36,46,13,24,50,8,44,34,22,35,7,40,2,25,30,19,42,6,38,45,0,29,26,15,31,10,37,48,14,4,16,27,28,1,39,18,5,20,11,23,33,12,47,-10
a370,50,41,7,21,45,19,22,38,1,43,49,48,35,42,36,25,14,13,47,28,33,26,5,18,32,37,39,6,4,27,10,2,46,23,44,3,12,15,31,9,0,34,24,17,40,8,20,29,11,16,-10
a371,29,13,12,21,28,16,50,37,20,35,6,4,47,24,15,33,31,14,5,10,7,2,38,44,49,23,39,19,26,40,36,45,32,48,0,18,3,27,34,42,17,9,43,8,1,11,22,30,41,25,-10
a372,46,18,23,37,0,3,16,2,7,50,38,19,29,4,13,8,25,26,36,49,43,40,39,35,45,31,47,27,21,6,14,44,9,42,22,10,41,48,17,11,34,28,12,32,15,24,30,1,5,33,-10
a373,35,39,8,33,31,46,26,16,20,5,32,4,37,0,10,47,11,38,7,41,17,34,42,12,21,23,14,22,43,27,40,18,28,25,15,3,50,24,29,36,45,1,6,49,30,44,19,2,13,48,-10
a374,3,12,45,6,39,23,44,37,18,24,7,34,16,10,38,22,14,48,42,35,28,25,15,47,17,26,31,32,27,33,29,41,11,30,20,9,36,21,8,0,50,49,4,1,46,19,40,43,13,5,-10
a375,46,50,3,40,0,25,6,27,23,37,13,20,45,26,32,12,28,9,16,35,5,18,24,36,17,2,39,43,33,21,44,47,11,10,8,30,4,14,1,19,42,34,41,49,15,7,29,38,48,31,-10
a376,27,31,26,35,37,14,8,28,43,12,10,40,30,18,32,13,16,25,24,21,9,29,23,11,47,2,4,0,50,38,33,7,36,41,5,3,17,6,42,34,46,15,44,20,49,1,39,48,45,19,-10
a377,9,28,47,24,35,45,43,30,31,40,18,15,34,5,50,41,29,49,0,44,17,2,21,4,48,39,33,42,7,12,26,3,23,14,10,19,20,25,37,1,36,16,11,46,38,32,6,27,22,13,-10
a378,47,15,46,30,8,20,12,23,13,21,41,19,16,36,42,29,22,39,34,49,10,45,26,5,9,2,50,27,25,43,6,3,28,14,1,11,17,35,31,4,48,37,32,24,7,33,38,44,18,40,-10
a379,37,48,3,4,18,2,25,11,14,41,49,22,16,5,40,20,47,33,31,43,6,34,42,10,9,45,38,15,0,39,21,19,46,24,26,30,29,35,7,32,12,44,1,23,17,28,50,36,13,8,-10
a380,50,35,45,17,16,41,29,5,42,37,10,49,23,30,11,33,22,44,26,32,24,4,8,39,31,6,13,48,25,40,14,9,46,27,7,21,20,1,18,0,19,34,47,3,2,38,36,15,12,43,-10
a381,2,11,36,49,47,33,8,28,24,29,50,3,12,48,0,14,17,41,34,39,31,15,25,4,20,5,21,43,19,6,42,13,7,26,30,35,16,45,23,10,46,37,1,32,44,27,22,9,40,38,-10
a382,5,47,16,34,13,41,27,28,39,50,23,26,15,44,42,8,46,1,14,31,9,37,2,19,20,36,18,29,25,6,24,12,35,17,30,0,49,10,45,38,4,40,21,22,11,33,43,32,3,48,-10
a383,25,40,35,16,36,42,11,6,27,19,50,41,18,48,46,49,43,7,33,24,17,8,12,14,28,20,37,3,13,31,45,1,0,4,30,15,2,39,34,23,29,22,5,9,47,21,44,32,10,38,-10
a384,7,27,31,48,1,36,13,47,23,15,33,17,24,44,6,39,30,21,41,40,22,35,0,10,4,12,49,9,29,25,38,2,8,46,11,26,19,50,32,14,16,20,18,37,3,43,28,45,34,42,-10
a385,28,1,8,13,34,33,26,50,4,40,43,16,48,25,17,44,23,27,21,38,36,22,10,5,11,29,0,18,2,41,3,24,42,35,30,31,14,45,49,47,46,15,9,6,20,19,39,12,37,32,-10
a386,3,40,2,38,31,29,36,28,20,50,6,35,8,9,15,19,47,26,45,12,18,41,0,21,10,30,1,7,11,17,25,32,43,37,5,14,16,46,22,39,13,44,23,33,4,42,27,48,34,24,-10
a387,28,40,30,9,50,44,43,42,3,5,21,39,17,19,33,41,27,26,38,48,46,2,37,10,34,1,13,25,15,4,49,20,16,47,45,7,14,31,12,35,8,24,22,18,6,32,0,29,36,11,-10
a388,3,23,22,31,1,47,21,44,5,0,49,8,32,26,10,17,38,4,27,19,50,6,35,41,15,48,37,2,40,30,36,20,16,28,12,46,7,13,29,39,14,45,34,18,9,33,43,42,11,25,-10
a389,29,17,47,1,30,20,33,0,40,6,24,14,4,19,44,43,50,49,22,27,36,5,16,31,32,25,18,2,8,28,42,11,35,3,37,48,23,34,9,10,26,45,38,41,12,21,46,15,39,7,-10
a390,5,34,27,22,28,44,18,16,2,19,42,26,1,41,50,48,12,25,9,49,31,11,32,43,40,20,0,23,24,10,21,4,39,3,17,45,33,6,35,7,36,13,37,14,30,29,38,46,47,15,-10
a391,43,14,37,8,48,42,16,49,32,3,33,19,47,35,15,41,9,30,25,45,46,28,23,13,17,12,22,24,40,5,31,11,44,36,0,6,34,29,38,10,21,1,20,2,39,7,27,26,50,18,-10
a392,18,26,14,43,35,40,49,3,8,12,27,24,4,11,17,16,38,19,22,13,42,20,47,21,1,32,5,29,37,15,0,25,6,48,30,44,28,9,31,39,33,2,10,34,46,23,45,7,50,41,-10
a393,39,23,9,46,43,14,5,13,20,50,11,25,31,0,38,28,37,7,6,18,47,21,27,34,1,17,35,48,4,16,40,10,8,49,32,42,19,33,26,2,22,45,24,29,3,30,15,44,41,36,-10
a394,1,29,13,26,49,19,32,42,24,35,17,23,5,41,44,46,4,30,3,9,38,11,45,14,7,12,10,6,21,25,15,16,20,27,34,0,48,18,47,8,33,50,28,22,37,31,40,2,36,39,-10
a395,22,21,26,10,14,9,47,19,1,23,16,29,12,2,44,39,32,6,20,48,25,11,4,37,41,42,30,38,5,17,40,27,31,15,3,33,18,13,43,49,45,34,0,46,8,50,7,36,24,35,-10
a396,21,32,9,38,46,43,34,42,8,37,4,1,40,5,47,12,19,18,28,30,20,27,2,39,31,16,41,0,26,29,11,3,33,15,44,10,36,13,17,49,35,48,23,14,50,25,6,45,22,24,-10
a397,45,27,10,17,18,8,49,44,24,47,1,48,14,0,12,7,11,20,23,9,4,38,42,46,30,22,2,21,26,36,39,40,32,6,34,3,25,50,43,33,15,31,19,37,16,5,28,29,35,41,-10
a398,17,24,18,22,23,49,31,37,5,12,13,1,2,4,33,28,20,41,26,25,38,9,6,7,35,45,36,46,50,10,21,14,3,29,15,11,0,30,16,44,43,40,27,8,19,39,47,32,34,42,-10
a399,20,34,32,5,46,10,2,26,47,15,49,14,48,36,31,12,18,42,33,22,30,17,1,19,9,11,50,6,35,43,28,3,27,24,8,0,23,16,21,13,25,39,4,7,29,44,38,40,41,45,-10
a400,18,16,8,14,45,27,21,24,36,12,3,22,30,2,10,32,4,1,44,42,20,5,29,6,26,43,31,15,38,46,48,9,37,0,23,33,25,39,40,11,49,50,34,17,35,41,19,13,47,28,-10
a401,46,21,23,5,48,19,8,13,42,41,12,26,4,35,1,14,15,17,49,38,30,25,40,36,34,20,2,0,43,47,50,7,6,10,32,29,33,44,22,16,24,28,37,39,31,27,11,18,3,45,-10
a402,32,44,3,37,21,20,8,45,47,1,42,13,41,27,25,14,28,7,31,2,33,24,30,16,39,6,5,38,0,18,49,34,48,46,4,43,50,19,35,15,17,11,9,26,29,22,36,23,12,40,-10
a403,7,44,50,35,32,22,9,30,25,18,49,21,34,46,10,48,14,29,33,26,45,16,24,23,12,36,15,2,4,40,31,43,47,8,13,41,17,37,1,5,27,11,28,39,3,6,20,42,0,19,-10
a404,37,44,41,26,31,25,42,0,45,43,1,17,18,15,50,21,23,11,36,8,35,4,29,32,3,22,28,24,47,39,14,13,38,9,27,7,40,46,16,33,5,19,30,48,20,6,2,10,34,12,-10
a405,17,36,9,37,29,45,14,46,13,32,50,21,27,24,16,28,42,31,30,0,8,2,23,7,12,48,11,35,40,3,4,33,20,22,43,49,10,47,34,1,26,18,41,15,38,19,5,39,25,6,-10
a406,9,47,32,46,23,8,48,41,38,1,39,15,36,45,5,33,26,18,50,0,35,49,6,31,20,27,21,22,43,14,44,4,28,34,29,19,42,3,13,16,10,2,17,24,7,25,37,30,40,11,-10
a407,46,38,44,14,15,5,12,3,21,27,19,8,29,11,40,42,24,9,37,23,6,16,32,48,33,10,45,17,4,20,50,25,26,41,39,30,34,0,43,13,2,36,49,47,31,22,35,28,1,7,-10
a408,43,32,14,45,0,35,2,25,41,13,39,27,47,50,33,31,24,22,29,36,6,15,40,5,37,23,42,4,12,16,49,20,19,30,9,7,46,8,48,44,38,10,18,1,21,3,26,11,28,17,-10
a409,12,21,18,23,13,44,22,14,35,33,29,46,24,28,1,0,15,37,11,3,30,45,43,10,49,4,48,8,19,47,2,42,41,27,39,6,31,50,5,40,16,38,7,20,25,36,9,34,32,17,-10
a410,2,38,34,44,23,15,47,0,42,10,25,16,31,8,35,14,41,7,1,26,17,21,37,32,22,12,18,13,27,46,20,48,5,6,24,29,49,4,9,28,3,19,45,50,36,33,40,43,39,11,-10
a411,5,27,41,15,44,46,47,18,17,38,34,45,30,8,6,22,21,42,43,7,32,26,25,48,28,13,31,2,24,9,39,11,16,14,20,12,10,19,23,33,40,3,1,37,49,4,29,0,50,36,-10
a412,0,48,23,33,16,44,19,15,32,20,10,8,18,27,5,21,31,30,22,29,39,25,46,36,26,43,47,50,6,1,28,45,42,34,49,13,17,3,40,4,41,35,2,12,7,38,11,14,9,24,-10
a413,4,37,13,24,1,32,21,22,44,48,29,7,26,42,39,3,40,14,49,5,8,15,16,30,45,31,6,28,19,11,17,50,46,34,18,41,43,23,0,35,10,9,20,12,33,38,27,47,36,2,-10
a414,30,12,40,23,32,24,37,21,50,29,42,27,39,49,45,36,25,5,47,6,14,15,8,16,44,41,3,18,9,48,22,17,46,2,13,35,4,43,10,28,20,38,11,31,19,26,1,34,33,7,-10
a415,42,45,29,20,27,5,25,8,34,0,14,17,35,16,7,49,31,39,43,32,12,40,30,19,3,37,6,33,44,11,23,22,13,4,2,21,47,24,9,10,36,18,1,48,28,41,46,50,38,15,-10
a416,41,3,14,17,32,20,29,38,10,46,50,36,48,27,18,12,25,43,22,2,37,19,11,26,34,35,30,42,0,13,24,39,4,23,47,15,7,49,1,9,8,33,5,40,6,45,28,44,16,31,-10
a417,0,16,21,10,41,22,44,1,49,33,39,8,9,20,38,25,45,50,11,40,34,15,26,23,27,7,5,4,43,37,30,3,28,36,47,35,6,46,31,29,48,32,12,14,42,17,2,13,24,18,-10
a418,6,15,16,44,24,1,22,39,40,32,23,11,7,12,43,46,20,42,17,29,37,0,35,19,30,3,28,9,5,2,34,48,36,38,21,4,49,13,33,41,25,14,45,27,18,50,8,31,47,10,-10
a419,29,21,15,13,34,2,45,25,22,20,12,24,10,11,18,3,6,43,42,39,14,1,44,47,27,23,19,8,16,36,48,30,37,50,31,32,49,0,28,17,35,4,9,7,33,40,38,41,46,26,-10
a420,48,8,37,42,36,47,16,4,19,39,3,21,28,13,7,46,9,1,25,22,45,40,0,34,44,18,5,11,41,15,6,33,20,26,49,29,2,30,50,17,10,31,27,14,23,32,43,12,35,38,-10
a421,32,16,40,47,33,35,19,13,41,50,15,30,37,43,31,34,0,22,11,25,39,27,42,21,7,10,23,48,18,1,29,46,24,12,5,3,8,9,36,44,26,6,49,38,45,14,20,4,2,17,-10
a422,2,28,5,4,34,10,45,50,20,23,21,26,14,33,1,25,30,0,27,39,13,17,24,12,44,16,35,7,46,49,11,6,42,48,41,22,18,19,8,36,9,43,3,31,15,37,47,32,38,40,-10
a423,15,32,25,7,4,2,10,42,35,3,0,19,9,13,24,47,11,28,41,37,20,38,30,17,50,27,48,40,23,45,22,44,1,43,36,14,21,16,8,46,5,49,12,29,34,39,26,18,33,31,-10
a424,26,7,2,12,21,45,19,32,4,17,11,8,15,18,13,28,14,24,10,50,5,1,44,29,9,42,37,39,34,33,6,25,35,0,41,31,40,38,23,43,16,48,22,30,47,20,36,3,49,46,-10
a425,24,42,49,27,1,28,23,22,37,50,45,19,35,7,6,47,36,8,2,5,15,41,29,31,4,11,9,14,44,17,0,16,43,21,13,30,3,46,18,26,32,10,20,48,40,33,39,38,34,12,-10
a426,47,14,2,41,35,20,12,11,40,38,7,8,17,1,10,28,0,32,50,26,44,49,5,15,29,39,48,33,34,16,19,27,43,6,23,45,31,42,36,46,25,13,21,37,9,3,22,4,24,18,-10
a427,13,31,34,22,41,42,44,11,0,32,45,36,2,37,4,16,30,39,14,38,46,50,26,5,23,18,7,6,29,25,43,40,48,1,19,3,10,9,20,47,24,21,35,8,12,15,33,17,28,27,-10
a428,48,33,35,30,40,10,5,38,20,3,12,32,7,11,22,27,23,44,43,41,17,31,36,39,50,45,24,1,21,34,26,14,18,15,19,8,29,42,16,47,6,13,28,37,9,49,46,0,25,2,-10
a429,12,39,49,2,20,6,16,8,28,3,36,34,43,42,21,14,7,19,11,22,48,26,50,29,45,37,35,4,23,30,38,31,13,25,46,41,32,40,17,27,1,47,33,18,9,0,44,10,24,15,-10
a430,11,12,33,31,20,15,16,42,4,22,10,0,50,30,13,9,18,5,39,8,35,38,26,19,49,34,28,40,24,27,6,3,46,2,41,1,32,43,17,37,7,14,44,21,25,36,45,47,23,48,-10
a431,7,3,42,25,45,33,6,38,19,48,32,36,10,39,23,44,5,35,24,34,8,13,9,26,49,12,15,31,47,4,43,50,14,2,18,40,16,30,17,0,27,46,1,20,21,28,29,41,37,11,-10
a432,41,21,31,14,25,46,3,45,39,44,26,18,50,5,23,13,11,35,29,0,47,34,48,6,9,42,16,2,1,8,49,33,32,36,4,10,24,12,27,37,43,17,38,19,30,7,20,22,15,40,-10
a433,13,16,43,19,22,9,42,49,1,30,10,20,31,46,17,23,47,34,27,11,0,12,39,2,28,44,35,45,18,40,25,15,38,14,41,7,21,8,5,3,48,50,29,26,24,32,33,36,4,37,-10
a434,49,38,13,42,11,15,37,17,21,46,44,30,20,50,16,27,12,47,33,25,2,48,29,34,35,5,7,8,9,40,22,0,10,41,45,32,24,19,14,3,4,39,26,36,43,28,1,23,18,31,-10
a435,38,8,12,15,28,20,31,14,1,5,16,29,34,4,33,45,36,17,37,13,19,42,21,10,32,9,47,7,27,50,2,43,30,39,49,3,46,18,6,40,22,25,44,0,24,11,23,48,26,41,-10
a436,42,16,2,33,17,25,45,8,35,7,43,11,28,34,40,48,14,15,19,41,5,3,13,10,50,1,38,12,9,30,44,26,21,4,24,36,22,31,27,32,37,29,0,23,47,49,18,20,39,46,-10
a437,32,11,38,3,43,25,40,19,2,22,15,34,13,41,24,50,12,16,14,0,7,10,6,33,45,30,4,27,42,9,17,21,44,23,26,29,20,5,31,28,47,36,49,48,35,37,1,18,39,8,-10
a438,8,16,36,27,34,30,24,21,47,0,2,28,23,17,18,45,4,40,6,35,44,22,13,15,26,19,1,10,7,11,46,12,48,32,41,14,43,50,33,37,42,31,38,9,25,49,3,20,5,29,-10
a439,42,2,43,28,9,14,26,6,31,39,34,46,45,25,33,19,44,23,1,49,32,37,15,35,4,13,21,30,12,5,36,27,17,18,40,8,22,48,41,38,10,16,29,20,7,47,24,11,0,50,-10
a440,14,7,9,34,4,13,44,41,11,2,28,43,36,25,40,1,5,30,39,8,31,15,33,16,47,27,3,20,42,32,24,18,29,50,21,0,45,35,48,22,37,38,17,49,10,46,6,23,12,26,-10
a441,13,6,16,20,22,24,48,33,18,36,3,25,28,9,7,43,15,40,21,41,50,4,37,49,47,31,39,8,2,10,1,5,12,14,32,35,29,11,27,45,42,44,46,23,38,0,17,30,34,19,-10
a442,44,18,42,43,34,49,48,1,17,37,14,29,27,9,46,19,4,38,10,2,33,50,41,16,35,32,36,3,40,23,47,8,26,15,25,24,31,22,45,5,12,11,21,39,13,7,0,6,30,28,-10
a443,35,43,27,2,24,44,6,47,13,1,48,4,26,33,32,22,40,8,36,23,16,46,41,12,50,18,37,9,31,14,3,17,34,5,20,15,30,0,19,42,45,29,39,10,11,7,49,38,25,28,-10
a444,15,18,45,49,21,16,17,6,27,48,35,23,5,41,40,36,47,8,24,2,3,13,39,12,50,32,26,34,4,19,43,1,42,46,7,28,31,14,44,0,22,29,10,9,20,38,25,30,37,11,-10
a445,39,26,44,32,21,43,28,50,45,15,8,46,48,3,14,49,41,1,42,25,9,47,23,0,17,38,16,29,27,31,19,36,35,4,24,7,22,20,2,40,34,6,33,18,12,30,10,5,37,13,-10
a446,34,11,32,8,31,47,3,43,26,33,36,6,27,48,2,28,29,25,24,7,38,19,44,21,50,16,45,35,22,13,40,4,10,39,49,41,18,15,30,23,5,37,17,9,46,14,0,42,12,20,-10
a447,29,34,36,15,41,7,24,9,27,20,12,13,33,45,5,21,8,49,32,35,50,40,38,43,46,14,10,39,25,6,26,11,2,48,23,44,28,3,16,18,47,1,22,31,19,4,17,30,42,0,-10
a448,27,44,8,40,19,30,33,50,48,31,24,0,42,12,14,7,9,17,20,37,18,28,46,13,26,25,2,4,15,36,35,45,34,47,22,32,3,5,10,39,38,23,49,1,29,43,16,21,11,41,-10
a449,50,7,32,22,30,46,34,41,25,29,0,35,21,11,10,31,24,37,38,4,9,1,2,18,6,45,44,3,28,42,43,39,14,23,26,27,12,36,17,19,13,49,16,20,15,5,48,8,40,33,-10
a450,33,34,46,1,23,26,40,25,19,8,27,50,6,30,13,2,16,9,28,41,36,11,18,20,31,45,5,21,14,17,12,29,15,3,42,37,49,44,10,22,0,24,48,35,43,39,38,32,7,4,-10
a451,2,40,31,41,18,24,23,36,12,33,28,9,7,38,0,29,6,8,13,4,47,27,39,37,10,14,48,20,5,42,15,1,17,49,25,43,44,32,50,11,26,34,21,19,30,3,22,45,46,35,-10
a452,48,12,11,38,34,32,33,30,0,10,5,26,15,2,49,42,6,27,39,45,47,14,28,13,25,8,46,20,18,4,36,7,9,41,23,19,17,40,37,22,31,50,21,3,29,1,24,43,44,35,-10
a453,25,8,43,17,34,48,2,29,12,45,1,32,13,18,42,7,15,11,38,22,50,4,30,36,39,46,27,14,10,5,6,26,24,3,44,31,37,49,16,23,47,35,0,20,19,9,21,41,33,40,-10
a454,50,46,7,24,9,31,34,48,28,32,0,27,39,33,42,41,37,1,49,43,8,25,40,2,10,47,36,11,35,23,4,12,17,6,20,44,26,38,21,16,22,45,19,14,30,15,29,18,13,5,-10
a455,5,15,49,17,21,9,32,25,1,34,30,50,44,28,41,6,18,37,11,39,47,16,3,14,8,45,12,10,13,27,48,2,7,26,20,40,38,43,33,22,0,29,35,19,31,46,23,4,36,42,-10
a456,21,38,41,13,12,48,16,14,35,44,1,0,50,39,8,46,37,27,18,26,7,11,5,3,2,23,25,33,40,47,43,31,30,34,15,29,49,36,17,28,19,4,6,20,10,24,45,32,22,9,-10
a457,8,14,46,21,28,11,42,18,15,1,32,39,31,50,5,17,2,7,27,26,22,41,38,16,24,45,6,47,10,43,9,37,30,23,3,0,13,20,48,4,19,35,44,49,12,29,34,33,40,25,-10
a458,10,1,41,47,36,17,43,16,40,39,12,25,30,6,13,38,37,9,5,24,3,4,50,11,2,34,32,33,0,35,45,28,18,44,42,7,8,46,29,26,15,23,49,31,27,19,48,22,21,20,-10
a459,28,1,20,35,9,32,41,3,42,43,33,45,23,6,24,47,11,40,26,2,18,12,17,10,16,15,48,37,34,13,4,44,27,31,46,7,22,25,8,0,30,21,14,5,50,39,19,29,49,38,-10
a460,26,36,22,10,34,25,2,6,9,46,30,4,45,12,14,31,50,23,24,47,40,42,39,21,18,41,17,38,15,1,19,5,33,28,44,49,37,3,16,20,0,11,27,32,8,43,48,7,13,35,-10
a461,49,16,30,23,35,21,17,11,41,15,2,40,4,3,10,1,32,27,9,22,42,0,24,44,46,48,38,45,19,25,33,36,31,13,14,18,34,39,5,6,47,28,29,20,8,12,7,37,50,43,-10
a462,39,32,44,46,19,14,0,4,34,49,38,26,6,2,40,23,41,11,5,50,15,31,9,24,47,16,37,10,36,35,48,18,30,33,7,12,21,43,20,29,42,45,1,25,22,3,27,13,28,8,-10
a463,2,5,46,43,49,9,40,31,6,44,12,4,3,41,33,1,7,25,28,11,19,50,30,37,15,38,21,22,34,29,8,42,47,14,16,35,13,18,23,20,32,10,45,36,48,39,0,24,17,27,-10
a464,2,41,30,36,32,23,37,4,25,49,48,21,50,46,7,18,9,40,27,5,3,19,24,15,1,0,10,22,13,38,42,31,20,14,47,11,26,8,35,28,44,29,17,43,6,12,45,16,39,34,-10
a465,3,37,38,2,14,16,46,33,11,44,30,35,6,5,49,7,0,13,43,36,25,18,40,47,48,8,15,22,12,34,21,32,1,23,50,10,31,4,42,27,20,28,9,19,17,41,29,39,26,45,-10
a466,25,10,24,1,30,39,26,41,48,38,4,37,34,13,33,8,42,27,22,49,2,45,12,20,7,50,43,36,11,5,9,15,17,0,6,23,29,18,40,47,21,14,35,28,32,31,16,19,46,44,-10
a467,29,21,39,48,9,36,13,35,17,1,24,4,12,43,30,15,41,34,14,31,27,5,42,44,22,46,20,45,23,11,47,10,38,25,28,50,0,3,16,6,49,18,8,37,33,2,32,7,19,26,-10
a468,47,14,27,19,15,6,37,42,41,33,11,39,16,0,43,8,35,9,45,46,7,3,29,22,12,30,20,50,40,24,25,2,44,34,4,17,48,26,31,32,21,38,28,13,36,18,23,5,1,10,-10
a469,38,5,17,27,41,8,7,11,34,49,28,40,12,9,44,29,35,2,18,14,46,13,30,42,10,4,19,24,31,37,22,36,25,0,21,20,23,33,1,15,3,45,43,26,39,6,47,32,16,48,-10
a470,21,11,0,37,41,34,12,45,23,27,29,7,44,6,43,38,2,10,19,1,26,3,50,28,20,18,33,24,42,15,36,32,49,47,22,40,39,16,35,30,25,48,13,46,9,17,5,14,8,31,-10
a471,29,4,3,36,26,16,25,20,42,43,37,34,2,5,41,46,15,17,38,1,32,48,18,13,8,35,39,45,22,6,30,9,44,40,27,10,31,19,7,12,11,33,50,0,28,24,14,21,23,49,-10
a472,3,6,47,1,45,2,23,33,0,50,22,7,41,37,15,16,35,44,21,46,18,31,49,28,9,42,30,38,14,24,17,39,11,36,25,5,10,12,13,34,32,26,19,4,27,8,48,20,40,43,-10
a473,43,24,30,46,0,2,21,36,5,8,17,35,37,34,28,10,12,41,44,19,49,33,15,31,50,22,40,32,27,6,7,29,14,39,3,25,18,23,9,16,47,38,20,13,26,1,4,42,48,11,-10
a474,39,25,12,26,50,20,38,14,6,1,8,13,27,46,17,33,7,15,16,2,37,23,10,19,47,49,22,31,3,35,4,18,24,0,34,5,41,11,9,48,32,45,36,42,40,43,28,29,30,21,-10
a475,11,9,22,0,5,20,8,28,40,39,35,29,42,18,16,1,2,23,7,49,37,21,33,46,12,4,30,43,25,26,32,41,19,45,31,10,13,6,47,34,27,15,44,24,36,14,3,50,48,38,-10
a476,0,17,33,38,39,49,25,9,42,15,19,50,2,6,46,16,20,43,7,10,24,34,31,48,45,37,32,47,29,11,14,26,23,4,21,18,27,41,13,28,30,12,44,5,40,36,22,35,1,3,-10
a477,24,49,35,32,45,11,39,7,40,23,4,9,22,38,6,10,34,3,26,41,14,17,48,20,43,27,28,31,33,13,15,37,42,25,2,50,18,16,44,36,47,30,0,29,21,12,5,19,1,8,-10
a478,40,28,30,12,8,25,31,0,20,15,9,50,49,21,42,18,10,33,32,4,29,19,47,2,41,1,14,16,27,22,24,37,5,23,45,17,34,13,39,3,11,43,36,38,48,35,26,46,7,44,-10
a479,0,33,20,9,13,42,12,35,45,18,49,32,23,14,34,19,2,47,30,38,8,50,28,29,26,27,4,3,7,40,31,10,17,37,39,43,48,41,21,11,5,25,6,44,36,15,1,16,46,22,-10
a480,5,10,31,33,7,46,23,9,1,29,49,48,3,34,39,36,21,19,44,35,14,42,47,41,25,22,38,37,12,28,13,0,45,4,18,50,24,26,43,8,16,30,20,40,6,15,32,27,2,17,-10
a481,8,42,29,43,10,40,20,19,48,38,25,24,39,14,37,27,26,44,6,36,18,9,1,47,3,15,12,34,4,5,31,0,21,50,17,16,2,41,45,11,13,30,49,28,33,32,35,7,46,23,-10
a482,37,39,5,33,23,27,47,12,49,38,10,4,25,2,46,36,41,21,0,24,31,50,43,48,7,14,19,9,26,11,13,20,44,15,17,18,29,40,28,45,8,42,3,30,35,34,32,1,16,6,-10
a483,14,38,5,34,7,25,13,49,8,11,19,35,27,6,36,32,30,4,31,37,9,40,50,43,1,26,47,15,23,44,29,46,39,17,12,10,24,18,22,2,16,33,45,20,28,21,41,42,3,0,-10
a484,4,28,44,40,29,41,35,25,48,14,2,42,26,16,19,22,1,10,24,50,33,30,31,13,34,20,9,7,8,49,17,36,38,47,39,27,3,5,15,21,6,32,12,0,23,37,11,45,46,43,-10
a485,27,15,44,38,31,10,12,48,43,37,1,42,41,50,16,32,21,25,24,19,29,20,5,35,18,28,33,47,7,9,39,23,4,6,0,36,17,45,11,22,13,34,2,14,49,30,26,3,46,40,-10
a486,38,3,43,19,25,41,34,0,26,17,11,20,39,9,13,12,5,44,8,36,16,21,23,24,42,31,46,15,33,6,2,14,27,7,49,35,40,10,37,48,30,4,47,18,45,29,50,32,28,22,-10
a487,15,2,18,42,24,27,39,4,23,43,33,30,31,12,34,29,49,50,41,13,35,19,7,8,32,46,0,3,36,20,21,5,37,16,48,47,1,14,17,45,10,40,28,9,25,11,44,6,22,26,-10
a488,34,6,7,5,18,38,40,28,47,21,20,2,43,48,13,30,44,1,41,10,12,33,17,3,45,31,46,16,39,22,42,26,9,15,35,24,23,0,14,11,27,36,19,32,25,8,29,49,4,50,-10
a489,45,40,35,33,30,1,29,26,48,4,44,11,38,19,17,42,31,49,6,8,37,47,2,32,43,0,9,5,34,23,20,27,13,28,15,24,18,25,22,46,7,39,21,3,16,50,36,12,10,14,-10
a490,1,10,49,30,43,5,19,0,26,4,31,16,48,33,6,24,3,29,14,18,22,36,50,45,25,46,28,39,8,17,35,23,21,40,27,41,42,9,34,38,2,11,12,15,32,13,7,44,37,20,-10
a491,39,40,16,7,43,44,5,31,26,13,14,36,28,22,35,27,0,2,6,9,29,34,12,11,37,33,3,21,48,17,4,23,20,45,8,25,10,47,46,32,30,1,19,41,24,15,38,50,42,18,-10
a492,42,38,50,19,16,33,13,24,2,22,25,23,30,49,40,27,8,32,41,35,37,3,18,45,29,1,48,9,17,7,14,28,31,47,6,12,5,34,10,15,46,43,26,4,11,44,21,39,0,36,-10
a493,42,15,14,47,27,28,11,19,22,8,25,50,9,44,12,45,30,0,38,10,5,20,40,41,33,3,13,2,23,48,31,21,26,32,16,18,39,49,46,7,43,35,6,4,29,37,34,36,24,1,-10
a494,23,16,49,37,35,46,47,12,2,30,45,29,21,1,20,31,18,11,0,27,22,7,34,44,10,33,3,24,17,28,4,36,6,42,40,50,14,38,32,48,19,41,43,26,5,8,25,13,15,9,-10
a495,9,44,6,12,37,13,29,41,38,18,27,36,17,50,4,14,45,48,15,8,28,23,24,46,40,16,20,5,7,31,39,1,0,33,35,34,30,32,25,43,21,26,42,47,10,2,3,22,11,19,-10
a496,43,22,13,36,14,31,4,24,28,15,18,3,27,40,26,16,6,33,49,25,0,35,42,1,19,38,10,45,46,2,5,34,30,17,32,9,29,12,44,23,20,21,37,11,41,8,47,48,50,7,-10
a497,49,14,13,35,22,17,44,38,5,29,27,46,48,9,43,50,1,15,12,24,34,6,31,28,3,32,0,39,10,2,18,36,45,33,41,11,19,4,40,37,20,26,8,42,25,47,30,16,7,23,-10
a498,7,30,15,5,18,24,44,4,35,45,39,0,48,31,10,22,27,33,9,1,21,49,6,25,50,17,8,32,43,11,41,26,47,16,29,40,37,19,42,3,23,36,46,34,28,12,2,38,14,20,-10
a499,8,31,12,45,35,23,27,44,36,48,37,32,17,40,15,7,43,25,24,6,46,42,0,22,38,21,41,4,14,13,26,3,16,29,28,20,18,5,30,47,10,1,11,9,19,50,39,33,34,2,-10
